gauge_id,latitude,longitude,date,anchor_streamflow,rainfall_mm,pred_streamflow,delta_m3s,severity
hybas_4120855950,27.177083,79.84375,2024-07-02,461.2031,44.2,624.8916,163.6885,NORMAL
hybas_4120855950,27.177083,79.84375,2024-07-03,624.8916,23.4,759.588,134.6964,NORMAL
hybas_4120855950,27.177083,79.84375,2024-07-04,759.588,5.2,833.3944,73.8064,NORMAL
hybas_4120855950,27.177083,79.84375,2024-07-05,833.3944,18.4,921.2082,87.8138,NORMAL
hybas_4120855950,27.177083,79.84375,2024-07-06,921.2082,19.7,988.108,66.8998,NORMAL
hybas_4120855950,27.177083,79.84375,2024-07-07,988.108,9.8,1011.1499,23.0419,NORMAL
hybas_4120855950,27.177083,79.84375,2024-07-08,1011.1499,10.9,1004.5542,-6.5957,NORMAL
hybas_4120855950,27.177083,79.84375,2024-07-09,1004.5542,1.6,941.4408,-63.1134,NORMAL
hybas_4120855950,27.177083,79.84375,2024-07-10,941.4408,3.6,852.7012,-88.7396,NORMAL
hybas_4120855950,27.177083,79.84375,2024-07-11,852.7012,11.8,765.9008,-86.8004,NORMAL
hybas_4120855950,27.177083,79.84375,2024-07-12,765.9008,1.6,701.7309,-64.1699,NORMAL
hybas_4120855950,27.177083,79.84375,2024-07-13,701.7309,0.5,658.7259,-43.005,NORMAL
hybas_4120855950,27.177083,79.84375,2024-07-14,658.7259,7.9,646.7526,-11.9734,NORMAL
hybas_4120855950,27.177083,79.84375,2024-07-15,646.7526,4.0,634.7866,-11.966,NORMAL
hybas_4120855950,27.177083,79.84375,2024-07-16,634.7866,0.4,623.1378,-11.6488,NORMAL
hybas_4120855950,27.177083,79.84375,2024-07-17,623.1378,1.6,619.2883,-3.8495,NORMAL
hybas_4120855950,27.177083,79.84375,2024-07-18,619.2883,20.2,633.1187,13.8304,NORMAL
hybas_4120855950,27.177083,79.84375,2024-07-19,633.1187,26.1,638.1078,4.9891,NORMAL
hybas_4120855950,27.177083,79.84375,2024-07-20,638.1078,1.6,620.3019,-17.8059,NORMAL
hybas_4120855950,27.177083,79.84375,2024-07-21,620.3019,0.8,610.4087,-9.8932,NORMAL
hybas_4120855950,27.177083,79.84375,2024-07-22,610.4087,6.1,603.0256,-7.3831,NORMAL
hybas_4120855950,27.177083,79.84375,2024-07-23,603.0256,13.7,616.5041,13.4786,NORMAL
hybas_4120855950,27.177083,79.84375,2024-07-24,616.5041,14.0,624.5634,8.0593,NORMAL
hybas_4120855950,27.177083,79.84375,2024-07-25,624.5634,21.3,631.1171,6.5537,NORMAL
hybas_4120855950,27.177083,79.84375,2024-07-26,631.1171,8.7,606.5876,-24.5295,NORMAL
hybas_4120855950,27.177083,79.84375,2024-07-27,606.5876,7.8,577.4802,-29.1074,NORMAL
hybas_4120855950,27.177083,79.84375,2024-07-28,577.4802,3.3,537.9901,-39.4901,NORMAL
hybas_4120855950,27.177083,79.84375,2024-07-29,537.9901,0.8,516.1536,-21.8365,NORMAL
hybas_4120855950,27.177083,79.84375,2024-07-30,516.1536,5.1,502.2427,-13.9109,NORMAL
hybas_4120855950,27.177083,79.84375,2024-07-31,502.2427,18.5,508.3518,6.1091,NORMAL
hybas_4121483240,26.49375,80.364583,2024-07-02,516.1719,24.6,633.8366,117.6647,NORMAL
hybas_4121483240,26.49375,80.364583,2024-07-03,633.8366,9.3,769.0905,135.2539,NORMAL
hybas_4121483240,26.49375,80.364583,2024-07-04,769.0905,13.6,933.069,163.9786,NORMAL
hybas_4121483240,26.49375,80.364583,2024-07-05,933.069,21.5,1091.6427,158.5737,NORMAL
hybas_4121483240,26.49375,80.364583,2024-07-06,1091.6427,31.1,1205.8961,114.2534,NORMAL
hybas_4121483240,26.49375,80.364583,2024-07-07,1205.8961,9.4,1262.4441,56.548,NORMAL
hybas_4121483240,26.49375,80.364583,2024-07-08,1262.4441,1.2,1212.7017,-49.7424,NORMAL
hybas_4121483240,26.49375,80.364583,2024-07-09,1212.7017,1.5,1126.9681,-85.7336,NORMAL
hybas_4121483240,26.49375,80.364583,2024-07-10,1126.9681,18.4,1063.9187,-63.0493,NORMAL
hybas_4121483240,26.49375,80.364583,2024-07-11,1063.9187,12.1,1013.355,-50.5638,NORMAL
hybas_4121483240,26.49375,80.364583,2024-07-12,1013.355,1.1,923.543,-89.812,NORMAL
hybas_4121483240,26.49375,80.364583,2024-07-13,923.543,1.2,869.6818,-53.8612,NORMAL
hybas_4121483240,26.49375,80.364583,2024-07-14,869.6818,3.2,837.7556,-31.9261,NORMAL
hybas_4121483240,26.49375,80.364583,2024-07-15,837.7556,16.7,839.4497,1.6941,NORMAL
hybas_4121483240,26.49375,80.364583,2024-07-16,839.4497,0.0,820.7172,-18.7325,NORMAL
hybas_4121483240,26.49375,80.364583,2024-07-17,820.7172,3.4,814.0135,-6.7037,NORMAL
hybas_4121483240,26.49375,80.364583,2024-07-18,814.0135,1.5,810.3228,-3.6907,NORMAL
hybas_4121483240,26.49375,80.364583,2024-07-19,810.3228,7.7,809.6274,-0.6954,NORMAL
hybas_4121483240,26.49375,80.364583,2024-07-20,809.6274,7.3,808.2145,-1.4129,NORMAL
hybas_4121483240,26.49375,80.364583,2024-07-21,808.2145,0.5,805.3217,-2.8928,NORMAL
hybas_4121483240,26.49375,80.364583,2024-07-22,805.3217,8.8,804.7658,-0.5559,NORMAL
hybas_4121483240,26.49375,80.364583,2024-07-23,804.7658,13.9,796.2032,-8.5626,NORMAL
hybas_4121483240,26.49375,80.364583,2024-07-24,796.2032,5.0,781.346,-14.8572,NORMAL
hybas_4121483240,26.49375,80.364583,2024-07-25,781.346,8.6,766.2912,-15.0548,NORMAL
hybas_4121483240,26.49375,80.364583,2024-07-26,766.2912,17.4,780.6855,14.3943,NORMAL
hybas_4121483240,26.49375,80.364583,2024-07-27,780.6855,2.1,761.0646,-19.6209,NORMAL
hybas_4121483240,26.49375,80.364583,2024-07-28,761.0646,0.8,746.1013,-14.9633,NORMAL
hybas_4121483240,26.49375,80.364583,2024-07-29,746.1013,0.6,739.4465,-6.6548,NORMAL
hybas_4121483240,26.49375,80.364583,2024-07-30,739.4465,4.1,738.8047,-0.6418,NORMAL
hybas_4121483240,26.49375,80.364583,2024-07-31,738.8047,15.1,727.5015,-11.3032,NORMAL
hybas_4121488880,26.06875,81.01875,2024-07-02,522.9062,25.8,632.371,109.4647,NORMAL
hybas_4121488880,26.06875,81.01875,2024-07-03,632.371,12.8,776.2054,143.8344,NORMAL
hybas_4121488880,26.06875,81.01875,2024-07-04,776.2054,14.0,964.4018,188.1964,NORMAL
hybas_4121488880,26.06875,81.01875,2024-07-05,964.4018,32.1,1137.0267,172.6249,NORMAL
hybas_4121488880,26.06875,81.01875,2024-07-06,1137.0267,17.1,1255.2058,118.1792,NORMAL
hybas_4121488880,26.06875,81.01875,2024-07-07,1255.2058,50.6,1358.0753,102.8694,NORMAL
hybas_4121488880,26.06875,81.01875,2024-07-08,1358.0753,1.6,1332.2409,-25.8344,NORMAL
hybas_4121488880,26.06875,81.01875,2024-07-09,1332.2409,1.4,1266.7498,-65.491,NORMAL
hybas_4121488880,26.06875,81.01875,2024-07-10,1266.7498,21.4,1221.3581,-45.3917,NORMAL
hybas_4121488880,26.06875,81.01875,2024-07-11,1221.3581,26.2,1186.6537,-34.7045,NORMAL
hybas_4121488880,26.06875,81.01875,2024-07-12,1186.6537,6.9,1118.6335,-68.0202,NORMAL
hybas_4121488880,26.06875,81.01875,2024-07-13,1118.6335,9.7,1060.1273,-58.5062,NORMAL
hybas_4121488880,26.06875,81.01875,2024-07-14,1060.1273,10.6,982.0233,-78.1041,NORMAL
hybas_4121488880,26.06875,81.01875,2024-07-15,982.0233,7.0,902.4464,-79.5769,NORMAL
hybas_4121488880,26.06875,81.01875,2024-07-16,902.4464,0.5,854.1753,-48.2711,NORMAL
hybas_4121488880,26.06875,81.01875,2024-07-17,854.1753,3.9,820.5105,-33.6648,NORMAL
hybas_4121488880,26.06875,81.01875,2024-07-18,820.5105,5.1,802.4007,-18.1098,NORMAL
hybas_4121488880,26.06875,81.01875,2024-07-19,802.4007,3.6,791.456,-10.9447,NORMAL
hybas_4121488880,26.06875,81.01875,2024-07-20,791.456,0.6,785.1753,-6.2807,NORMAL
hybas_4121488880,26.06875,81.01875,2024-07-21,785.1753,0.2,781.1863,-3.989,NORMAL
hybas_4121488880,26.06875,81.01875,2024-07-22,781.1863,6.8,778.7225,-2.4638,NORMAL
hybas_4121488880,26.06875,81.01875,2024-07-23,778.7225,17.6,794.9404,16.2179,NORMAL
hybas_4121488880,26.06875,81.01875,2024-07-24,794.9404,18.8,805.3183,10.3779,NORMAL
hybas_4121488880,26.06875,81.01875,2024-07-25,805.3183,6.8,789.2541,-16.0643,NORMAL
hybas_4121488880,26.06875,81.01875,2024-07-26,789.2541,15.3,796.3256,7.0715,NORMAL
hybas_4121488880,26.06875,81.01875,2024-07-27,796.3256,11.6,775.5277,-20.7979,NORMAL
hybas_4121488880,26.06875,81.01875,2024-07-28,775.5277,1.4,756.2096,-19.3181,NORMAL
hybas_4121488880,26.06875,81.01875,2024-07-29,756.2096,0.9,751.4946,-4.715,NORMAL
hybas_4121488880,26.06875,81.01875,2024-07-30,751.4946,6.0,751.1363,-0.3583,NORMAL
hybas_4121488880,26.06875,81.01875,2024-07-31,751.1363,7.3,747.4937,-3.6427,NORMAL
hybas_4121496640,25.49375,81.83125,2024-07-02,500.4062,13.2,523.2007,22.7945,NORMAL
hybas_4121496640,25.49375,81.83125,2024-07-03,523.2007,10.5,537.9294,14.7287,NORMAL
hybas_4121496640,25.49375,81.83125,2024-07-04,537.9294,10.0,554.7719,16.8426,NORMAL
hybas_4121496640,25.49375,81.83125,2024-07-05,554.7719,19.4,613.5305,58.7586,NORMAL
hybas_4121496640,25.49375,81.83125,2024-07-06,613.5305,16.5,661.4507,47.9201,NORMAL
hybas_4121496640,25.49375,81.83125,2024-07-07,661.4507,11.8,689.4141,27.9634,NORMAL
hybas_4121496640,25.49375,81.83125,2024-07-08,689.4141,9.4,673.8633,-15.5507,NORMAL
hybas_4121496640,25.49375,81.83125,2024-07-09,673.8633,1.9,624.6056,-49.2578,NORMAL
hybas_4121496640,25.49375,81.83125,2024-07-10,624.6056,30.2,571.4635,-53.142,NORMAL
hybas_4121496640,25.49375,81.83125,2024-07-11,571.4635,11.6,493.7913,-77.6722,NORMAL
hybas_4121496640,25.49375,81.83125,2024-07-12,493.7913,26.7,453.622,-40.1694,NORMAL
hybas_4121496640,25.49375,81.83125,2024-07-13,453.622,11.0,414.0132,-39.6088,NORMAL
hybas_4121496640,25.49375,81.83125,2024-07-14,414.0132,12.9,358.4158,-55.5974,NORMAL
hybas_4121496640,25.49375,81.83125,2024-07-15,358.4158,8.5,293.8092,-64.6066,NORMAL
hybas_4121496640,25.49375,81.83125,2024-07-16,293.8092,0.3,242.9441,-50.8651,NORMAL
hybas_4121496640,25.49375,81.83125,2024-07-17,242.9441,1.3,203.718,-39.2261,NORMAL
hybas_4121496640,25.49375,81.83125,2024-07-18,203.718,2.0,195.1927,-8.5253,NORMAL
hybas_4121496640,25.49375,81.83125,2024-07-19,195.1927,0.2,184.6645,-10.5282,NORMAL
hybas_4121496640,25.49375,81.83125,2024-07-20,184.6645,1.0,183.978,-0.6865,NORMAL
hybas_4121496640,25.49375,81.83125,2024-07-21,183.978,0.5,182.4819,-1.4961,NORMAL
hybas_4121496640,25.49375,81.83125,2024-07-22,182.4819,3.8,183.3525,0.8706,NORMAL
hybas_4121496640,25.49375,81.83125,2024-07-23,183.3525,19.5,200.6497,17.2972,NORMAL
hybas_4121496640,25.49375,81.83125,2024-07-24,200.6497,9.8,199.9197,-0.73,NORMAL
hybas_4121496640,25.49375,81.83125,2024-07-25,199.9197,11.6,200.2652,0.3455,NORMAL
hybas_4121496640,25.49375,81.83125,2024-07-26,200.2652,10.6,198.2253,-2.0399,NORMAL
hybas_4121496640,25.49375,81.83125,2024-07-27,198.2253,5.4,199.3435,1.1182,NORMAL
hybas_4121496640,25.49375,81.83125,2024-07-28,199.3435,0.3,197.0123,-2.3312,NORMAL
hybas_4121496640,25.49375,81.83125,2024-07-29,197.0123,0.9,198.3332,1.3209,NORMAL
hybas_4121496640,25.49375,81.83125,2024-07-30,198.3332,13.4,197.3914,-0.9418,NORMAL
hybas_4121496640,25.49375,81.83125,2024-07-31,197.3914,15.7,214.9796,17.5882,NORMAL
hybas_4120914230,25.322917,83.04375,2024-07-02,891.2344,24.3,884.364,-6.8704,NORMAL
hybas_4120914230,25.322917,83.04375,2024-07-03,884.364,13.4,879.9255,-4.4386,NORMAL
hybas_4120914230,25.322917,83.04375,2024-07-04,879.9255,12.5,884.3717,4.4463,NORMAL
hybas_4120914230,25.322917,83.04375,2024-07-05,884.3717,32.2,916.1397,31.768,NORMAL
hybas_4120914230,25.322917,83.04375,2024-07-06,916.1397,30.7,979.3635,63.2238,NORMAL
hybas_4120914230,25.322917,83.04375,2024-07-07,979.3635,24.7,1107.4042,128.0407,NORMAL
hybas_4120914230,25.322917,83.04375,2024-07-08,1107.4042,15.1,1187.567,80.1628,NORMAL
hybas_4120914230,25.322917,83.04375,2024-07-09,1187.567,15.3,1233.7503,46.1833,NORMAL
hybas_4120914230,25.322917,83.04375,2024-07-10,1233.7503,17.1,1259.0325,25.2823,NORMAL
hybas_4120914230,25.322917,83.04375,2024-07-11,1259.0325,23.9,1261.4881,2.4555,NORMAL
hybas_4120914230,25.322917,83.04375,2024-07-12,1261.4881,13.1,1207.4626,-54.0255,NORMAL
hybas_4120914230,25.322917,83.04375,2024-07-13,1207.4626,4.5,1142.2379,-65.2247,NORMAL
hybas_4120914230,25.322917,83.04375,2024-07-14,1142.2379,34.1,1081.4912,-60.7467,NORMAL
hybas_4120914230,25.322917,83.04375,2024-07-15,1081.4912,0.7,1028.8779,-52.6134,NORMAL
hybas_4120914230,25.322917,83.04375,2024-07-16,1028.8779,0.6,985.2049,-43.6729,NORMAL
hybas_4120914230,25.322917,83.04375,2024-07-17,985.2049,0.3,973.8823,-11.3226,NORMAL
hybas_4120914230,25.322917,83.04375,2024-07-18,973.8823,0.1,967.102,-6.7803,NORMAL
hybas_4120914230,25.322917,83.04375,2024-07-19,967.102,0.3,965.4819,-1.6201,NORMAL
hybas_4120914230,25.322917,83.04375,2024-07-20,965.4819,1.2,966.5874,1.1054,NORMAL
hybas_4120914230,25.322917,83.04375,2024-07-21,966.5874,0.4,966.6981,0.1107,NORMAL
hybas_4120914230,25.322917,83.04375,2024-07-22,966.6981,1.1,967.8375,1.1394,NORMAL
hybas_4120914230,25.322917,83.04375,2024-07-23,967.8375,13.6,986.1849,18.3474,NORMAL
hybas_4120914230,25.322917,83.04375,2024-07-24,986.1849,5.3,986.3909,0.206,NORMAL
hybas_4120914230,25.322917,83.04375,2024-07-25,986.3909,8.7,984.8768,-1.5141,NORMAL
hybas_4120914230,25.322917,83.04375,2024-07-26,984.8768,3.0,984.8893,0.0125,NORMAL
hybas_4120914230,25.322917,83.04375,2024-07-27,984.8893,4.4,985.8402,0.9509,NORMAL
hybas_4120914230,25.322917,83.04375,2024-07-28,985.8402,0.5,986.0264,0.1862,NORMAL
hybas_4120914230,25.322917,83.04375,2024-07-29,986.0264,2.0,987.5595,1.5331,NORMAL
hybas_4120914230,25.322917,83.04375,2024-07-30,987.5595,11.3,986.8353,-0.7242,NORMAL
hybas_4120914230,25.322917,83.04375,2024-07-31,986.8353,37.2,1006.5276,19.6923,NORMAL
hybas_4120909650,25.485417,83.51875,2024-07-02,920.5156,18.6,919.7802,-0.7354,NORMAL
hybas_4120909650,25.485417,83.51875,2024-07-03,919.7802,20.2,931.0279,11.2477,NORMAL
hybas_4120909650,25.485417,83.51875,2024-07-04,931.0279,39.6,977.6661,46.6382,NORMAL
hybas_4120909650,25.485417,83.51875,2024-07-05,977.6661,22.5,994.4384,16.7722,NORMAL
hybas_4120909650,25.485417,83.51875,2024-07-06,994.4384,44.0,1033.0419,38.6035,NORMAL
hybas_4120909650,25.485417,83.51875,2024-07-07,1033.0419,25.8,1125.3106,92.2688,NORMAL
hybas_4120909650,25.485417,83.51875,2024-07-08,1125.3106,6.0,1119.1998,-6.1108,NORMAL
hybas_4120909650,25.485417,83.51875,2024-07-09,1119.1998,6.5,1087.8072,-31.3926,NORMAL
hybas_4120909650,25.485417,83.51875,2024-07-10,1087.8072,17.3,1047.9754,-39.8318,NORMAL
hybas_4120909650,25.485417,83.51875,2024-07-11,1047.9754,19.9,986.9362,-61.0392,NORMAL
hybas_4120909650,25.485417,83.51875,2024-07-12,986.9362,14.0,940.9469,-45.9893,NORMAL
hybas_4120909650,25.485417,83.51875,2024-07-13,940.9469,9.0,880.9245,-60.0224,NORMAL
hybas_4120909650,25.485417,83.51875,2024-07-14,880.9245,15.5,832.3767,-48.5478,NORMAL
hybas_4120909650,25.485417,83.51875,2024-07-15,832.3767,0.3,817.6095,-14.7672,NORMAL
hybas_4120909650,25.485417,83.51875,2024-07-16,817.6095,0.4,807.6692,-9.9402,NORMAL
hybas_4120909650,25.485417,83.51875,2024-07-17,807.6692,0.4,802.5363,-5.1329,NORMAL
hybas_4120909650,25.485417,83.51875,2024-07-18,802.5363,0.0,799.0181,-3.5182,NORMAL
hybas_4120909650,25.485417,83.51875,2024-07-19,799.0181,0.0,797.2188,-1.7993,NORMAL
hybas_4120909650,25.485417,83.51875,2024-07-20,797.2188,1.0,798.8277,1.6089,NORMAL
hybas_4120909650,25.485417,83.51875,2024-07-21,798.8277,0.9,800.0218,1.1942,NORMAL
hybas_4120909650,25.485417,83.51875,2024-07-22,800.0218,1.9,800.8885,0.8666,NORMAL
hybas_4120909650,25.485417,83.51875,2024-07-23,800.8885,13.7,819.3032,18.4147,NORMAL
hybas_4120909650,25.485417,83.51875,2024-07-24,819.3032,1.8,819.6256,0.3225,NORMAL
hybas_4120909650,25.485417,83.51875,2024-07-25,819.6256,14.0,837.9067,18.2811,NORMAL
hybas_4120909650,25.485417,83.51875,2024-07-26,837.9067,2.6,837.6589,-0.2478,NORMAL
hybas_4120909650,25.485417,83.51875,2024-07-27,837.6589,20.0,855.3986,17.7397,NORMAL
hybas_4120909650,25.485417,83.51875,2024-07-28,855.3986,1.2,855.9604,0.5619,NORMAL
hybas_4120909650,25.485417,83.51875,2024-07-29,855.9604,4.9,856.1459,0.1854,NORMAL
hybas_4120909650,25.485417,83.51875,2024-07-30,856.1459,10.7,854.5919,-1.5539,NORMAL
hybas_4120909650,25.485417,83.51875,2024-07-31,854.5919,24.2,873.242,18.6501,NORMAL
hybas_4120894080,25.964583,84.247917,2024-07-02,1555.5312,23.7,1576.2366,20.7054,NORMAL
hybas_4120894080,25.964583,84.247917,2024-07-03,1576.2366,47.8,1706.772,130.5354,NORMAL
hybas_4120894080,25.964583,84.247917,2024-07-04,1706.772,31.9,1843.6154,136.8434,NORMAL
hybas_4120894080,25.964583,84.247917,2024-07-05,1843.6154,14.8,1939.858,96.2426,NORMAL
hybas_4120894080,25.964583,84.247917,2024-07-06,1939.858,31.5,2086.5529,146.6949,NORMAL
hybas_4120894080,25.964583,84.247917,2024-07-07,2086.5529,9.9,2127.3575,40.8046,NORMAL
hybas_4120894080,25.964583,84.247917,2024-07-08,2127.3575,9.4,2143.0557,15.6981,NORMAL
hybas_4120894080,25.964583,84.247917,2024-07-09,2143.0557,9.3,2117.6342,-25.4215,NORMAL
hybas_4120894080,25.964583,84.247917,2024-07-10,2117.6342,23.6,2083.1767,-34.4575,NORMAL
hybas_4120894080,25.964583,84.247917,2024-07-11,2083.1767,21.5,2049.9541,-33.2226,NORMAL
hybas_4120894080,25.964583,84.247917,2024-07-12,2049.9541,22.1,2039.744,-10.2101,NORMAL
hybas_4120894080,25.964583,84.247917,2024-07-13,2039.744,6.1,1962.9025,-76.8415,NORMAL
hybas_4120894080,25.964583,84.247917,2024-07-14,1962.9025,13.6,1899.6328,-63.2697,NORMAL
hybas_4120894080,25.964583,84.247917,2024-07-15,1899.6328,0.8,1826.8705,-72.7623,NORMAL
hybas_4120894080,25.964583,84.247917,2024-07-16,1826.8705,0.7,1781.5134,-45.3571,NORMAL
hybas_4120894080,25.964583,84.247917,2024-07-17,1781.5134,2.7,1770.8351,-10.6783,NORMAL
hybas_4120894080,25.964583,84.247917,2024-07-18,1770.8351,0.5,1761.9746,-8.8605,NORMAL
hybas_4120894080,25.964583,84.247917,2024-07-19,1761.9746,0.7,1758.1059,-3.8687,NORMAL
hybas_4120894080,25.964583,84.247917,2024-07-20,1758.1059,0.5,1756.3793,-1.7266,NORMAL
hybas_4120894080,25.964583,84.247917,2024-07-21,1756.3793,1.0,1755.9824,-0.3969,NORMAL
hybas_4120894080,25.964583,84.247917,2024-07-22,1755.9824,11.9,1773.9975,18.0151,NORMAL
hybas_4120894080,25.964583,84.247917,2024-07-23,1773.9975,4.6,1773.5411,-0.4565,NORMAL
hybas_4120894080,25.964583,84.247917,2024-07-24,1773.5411,0.6,1772.9619,-0.5791,NORMAL
hybas_4120894080,25.964583,84.247917,2024-07-25,1772.9619,7.5,1770.7608,-2.2011,NORMAL
hybas_4120894080,25.964583,84.247917,2024-07-26,1770.7608,1.1,1771.0725,0.3117,NORMAL
hybas_4120894080,25.964583,84.247917,2024-07-27,1771.0725,0.2,1769.4057,-1.6668,NORMAL
hybas_4120894080,25.964583,84.247917,2024-07-28,1769.4057,0.7,1770.6737,1.268,NORMAL
hybas_4120894080,25.964583,84.247917,2024-07-29,1770.6737,0.2,1769.0748,-1.5989,NORMAL
hybas_4120894080,25.964583,84.247917,2024-07-30,1769.0748,14.0,1788.0513,18.9765,NORMAL
hybas_4120894080,25.964583,84.247917,2024-07-31,1788.0513,7.8,1786.0862,-1.9651,NORMAL
hybas_4120846880,27.44375,79.614583,2024-07-02,368.2031,39.2,654.7618,286.5587,NORMAL
hybas_4120846880,27.44375,79.614583,2024-07-03,654.7618,46.9,952.6533,297.8914,NORMAL
hybas_4120846880,27.44375,79.614583,2024-07-04,952.6533,11.2,1206.0151,253.3619,NORMAL
hybas_4120846880,27.44375,79.614583,2024-07-05,1206.0151,31.6,1480.8168,274.8017,NORMAL
hybas_4120846880,27.44375,79.614583,2024-07-06,1480.8168,58.4,1781.2503,300.4335,NORMAL
hybas_4120846880,27.44375,79.614583,2024-07-07,1781.2503,14.3,1991.3489,210.0986,NORMAL
hybas_4120846880,27.44375,79.614583,2024-07-08,1991.3489,13.6,2178.9868,187.6379,NORMAL
hybas_4120846880,27.44375,79.614583,2024-07-09,2178.9868,0.8,2253.2916,74.3048,NORMAL
hybas_4120846880,27.44375,79.614583,2024-07-10,2253.2916,4.3,2305.7563,52.4647,NORMAL
hybas_4120846880,27.44375,79.614583,2024-07-11,2305.7563,14.4,2480.4883,174.732,NORMAL
hybas_4120846880,27.44375,79.614583,2024-07-12,2480.4883,3.1,2534.6151,54.1268,NORMAL
hybas_4120846880,27.44375,79.614583,2024-07-13,2534.6151,0.3,2543.7216,9.1065,NORMAL
hybas_4120846880,27.44375,79.614583,2024-07-14,2543.7216,17.3,2621.4955,77.7739,NORMAL
hybas_4120846880,27.44375,79.614583,2024-07-15,2621.4955,7.9,2668.7889,47.2933,NORMAL
hybas_4120846880,27.44375,79.614583,2024-07-16,2668.7889,0.3,2637.2925,-31.4963,NORMAL
hybas_4120846880,27.44375,79.614583,2024-07-17,2637.2925,1.7,2602.5662,-34.7264,NORMAL
hybas_4120846880,27.44375,79.614583,2024-07-18,2602.5662,3.8,2552.8267,-49.7395,NORMAL
hybas_4120846880,27.44375,79.614583,2024-07-19,2552.8267,14.9,2554.8331,2.0064,NORMAL
hybas_4120846880,27.44375,79.614583,2024-07-20,2554.8331,2.5,2552.4009,-2.4323,NORMAL
hybas_4120846880,27.44375,79.614583,2024-07-21,2552.4009,0.5,2487.4069,-64.994,NORMAL
hybas_4120846880,27.44375,79.614583,2024-07-22,2487.4069,1.0,2453.6033,-33.8036,NORMAL
hybas_4120846880,27.44375,79.614583,2024-07-23,2453.6033,11.9,2447.7073,-5.896,NORMAL
hybas_4120846880,27.44375,79.614583,2024-07-24,2447.7073,8.4,2422.9882,-24.7191,NORMAL
hybas_4120846880,27.44375,79.614583,2024-07-25,2422.9882,4.6,2426.5659,3.5777,NORMAL
hybas_4120846880,27.44375,79.614583,2024-07-26,2426.5659,6.2,2422.282,-4.2838,NORMAL
hybas_4120846880,27.44375,79.614583,2024-07-27,2422.282,1.9,2404.1975,-18.0846,NORMAL
hybas_4120846880,27.44375,79.614583,2024-07-28,2404.1975,6.2,2416.7187,12.5212,NORMAL
hybas_4120846880,27.44375,79.614583,2024-07-29,2416.7187,0.9,2371.992,-44.7267,NORMAL
hybas_4120846880,27.44375,79.614583,2024-07-30,2371.992,2.2,2309.4389,-62.5531,NORMAL
hybas_4120846880,27.44375,79.614583,2024-07-31,2309.4389,16.4,2288.5295,-20.9094,NORMAL
hybas_4120802730,28.860417,77.214583,2024-07-02,277.4375,14.6,421.2456,143.8081,NORMAL
hybas_4120802730,28.860417,77.214583,2024-07-03,421.2456,3.5,515.9768,94.7311,NORMAL
hybas_4120802730,28.860417,77.214583,2024-07-04,515.9768,9.2,661.834,145.8572,NORMAL
hybas_4120802730,28.860417,77.214583,2024-07-05,661.834,4.6,747.6746,85.8406,NORMAL
hybas_4120802730,28.860417,77.214583,2024-07-06,747.6746,1.5,756.0869,8.4123,NORMAL
hybas_4120802730,28.860417,77.214583,2024-07-07,756.0869,0.0,661.2863,-94.8006,NORMAL
hybas_4120802730,28.860417,77.214583,2024-07-08,661.2863,0.6,600.14,-61.1463,NORMAL
hybas_4120802730,28.860417,77.214583,2024-07-09,600.14,9.9,527.5139,-72.6262,NORMAL
hybas_4120802730,28.860417,77.214583,2024-07-10,527.5139,4.6,476.8754,-50.6384,NORMAL
hybas_4120802730,28.860417,77.214583,2024-07-11,476.8754,0.6,415.7959,-61.0796,NORMAL
hybas_4120802730,28.860417,77.214583,2024-07-12,415.7959,9.7,386.1587,-29.6371,NORMAL
hybas_4120802730,28.860417,77.214583,2024-07-13,386.1587,2.1,339.7478,-46.4109,NORMAL
hybas_4120802730,28.860417,77.214583,2024-07-14,339.7478,0.2,269.6996,-70.0482,NORMAL
hybas_4120802730,28.860417,77.214583,2024-07-15,269.6996,9.2,242.1525,-27.5472,NORMAL
hybas_4120802730,28.860417,77.214583,2024-07-16,242.1525,31.5,247.8166,5.6642,NORMAL
hybas_4120802730,28.860417,77.214583,2024-07-17,247.8166,0.1,187.6919,-60.1247,NORMAL
hybas_4120802730,28.860417,77.214583,2024-07-18,187.6919,0.6,120.4463,-67.2456,NORMAL
hybas_4120802730,28.860417,77.214583,2024-07-19,120.4463,0.6,81.607,-38.8393,NORMAL
hybas_4120802730,28.860417,77.214583,2024-07-20,81.607,0.2,59.7634,-21.8437,NORMAL
hybas_4120802730,28.860417,77.214583,2024-07-21,59.7634,1.4,52.594,-7.1694,NORMAL
hybas_4120802730,28.860417,77.214583,2024-07-22,52.594,6.7,36.752,-15.842,NORMAL
hybas_4120802730,28.860417,77.214583,2024-07-23,36.752,1.4,21.7908,-14.9612,NORMAL
hybas_4120802730,28.860417,77.214583,2024-07-24,21.7908,11.8,12.3976,-9.3932,NORMAL
hybas_4120802730,28.860417,77.214583,2024-07-25,12.3976,0.6,-15.9436,-28.3412,NORMAL
hybas_4120802730,28.860417,77.214583,2024-07-26,-15.9436,5.6,-29.0501,-13.1066,NORMAL
hybas_4120802730,28.860417,77.214583,2024-07-27,-29.0501,5.4,-52.4565,-23.4064,NORMAL
hybas_4120802730,28.860417,77.214583,2024-07-28,-52.4565,3.3,-67.4159,-14.9594,NORMAL
hybas_4120802730,28.860417,77.214583,2024-07-29,-67.4159,0.1,-87.7773,-20.3614,NORMAL
hybas_4120802730,28.860417,77.214583,2024-07-30,-87.7773,0.0,-102.1145,-14.3372,NORMAL
hybas_4120802730,28.860417,77.214583,2024-07-31,-102.1145,33.1,-105.0627,-2.9483,NORMAL
hybas_4121452740,28.79375,78.139583,2024-07-02,424.3281,17.8,545.9322,121.6041,NORMAL
hybas_4121452740,28.79375,78.139583,2024-07-03,545.9322,27.6,660.6709,114.7387,NORMAL
hybas_4121452740,28.79375,78.139583,2024-07-04,660.6709,3.8,723.3172,62.6463,NORMAL
hybas_4121452740,28.79375,78.139583,2024-07-05,723.3172,98.9,883.9913,160.6741,NORMAL
hybas_4121452740,28.79375,78.139583,2024-07-06,883.9913,12.3,1005.2296,121.2383,NORMAL
hybas_4121452740,28.79375,78.139583,2024-07-07,1005.2296,29.6,1146.0002,140.7706,NORMAL
hybas_4121452740,28.79375,78.139583,2024-07-08,1146.0002,4.3,1222.9261,76.926,NORMAL
hybas_4121452740,28.79375,78.139583,2024-07-09,1222.9261,4.0,1252.0038,29.0777,NORMAL
hybas_4121452740,28.79375,78.139583,2024-07-10,1252.0038,7.7,1267.374,15.3702,NORMAL
hybas_4121452740,28.79375,78.139583,2024-07-11,1267.374,6.1,1253.3202,-14.0538,NORMAL
hybas_4121452740,28.79375,78.139583,2024-07-12,1253.3202,0.3,1180.0026,-73.3176,NORMAL
hybas_4121452740,28.79375,78.139583,2024-07-13,1180.0026,1.5,1123.3955,-56.607,NORMAL
hybas_4121452740,28.79375,78.139583,2024-07-14,1123.3955,0.1,1104.9883,-18.4073,NORMAL
hybas_4121452740,28.79375,78.139583,2024-07-15,1104.9883,5.8,1086.5698,-18.4185,NORMAL
hybas_4121452740,28.79375,78.139583,2024-07-16,1086.5698,10.4,1063.7422,-22.8276,NORMAL
hybas_4121452740,28.79375,78.139583,2024-07-17,1063.7422,0.5,1034.6865,-29.0557,NORMAL
hybas_4121452740,28.79375,78.139583,2024-07-18,1034.6865,0.6,1024.5208,-10.1657,NORMAL
hybas_4121452740,28.79375,78.139583,2024-07-19,1024.5208,2.4,1017.1404,-7.3803,NORMAL
hybas_4121452740,28.79375,78.139583,2024-07-20,1017.1404,0.9,1011.1981,-5.9423,NORMAL
hybas_4121452740,28.79375,78.139583,2024-07-21,1011.1981,8.1,1009.1476,-2.0505,NORMAL
hybas_4121452740,28.79375,78.139583,2024-07-22,1009.1476,6.4,992.9195,-16.2281,NORMAL
hybas_4121452740,28.79375,78.139583,2024-07-23,992.9195,7.2,969.6234,-23.2961,NORMAL
hybas_4121452740,28.79375,78.139583,2024-07-24,969.6234,2.5,944.1489,-25.4746,NORMAL
hybas_4121452740,28.79375,78.139583,2024-07-25,944.1489,8.5,923.2642,-20.8847,NORMAL
hybas_4121452740,28.79375,78.139583,2024-07-26,923.2642,14.4,904.9947,-18.2695,NORMAL
hybas_4121452740,28.79375,78.139583,2024-07-27,904.9947,21.1,863.4295,-41.5652,NORMAL
hybas_4121452740,28.79375,78.139583,2024-07-28,863.4295,2.4,803.3228,-60.1067,NORMAL
hybas_4121452740,28.79375,78.139583,2024-07-29,803.3228,0.3,735.5123,-67.8105,NORMAL
hybas_4121452740,28.79375,78.139583,2024-07-30,735.5123,0.0,690.2625,-45.2498,NORMAL
hybas_4121452740,28.79375,78.139583,2024-07-31,690.2625,35.7,666.4512,-23.8113,NORMAL
hybas_4120831810,27.93125,78.852083,2024-07-02,383.3125,51.9,668.2192,284.9067,NORMAL
hybas_4120831810,27.93125,78.852083,2024-07-03,668.2192,21.9,841.064,172.8448,NORMAL
hybas_4120831810,27.93125,78.852083,2024-07-04,841.064,9.5,1027.0478,185.9838,NORMAL
hybas_4120831810,27.93125,78.852083,2024-07-05,1027.0478,16.0,1241.1629,214.1151,NORMAL
hybas_4120831810,27.93125,78.852083,2024-07-06,1241.1629,29.3,1486.6823,245.5195,NORMAL
hybas_4120831810,27.93125,78.852083,2024-07-07,1486.6823,1.0,1590.2035,103.5212,NORMAL
hybas_4120831810,27.93125,78.852083,2024-07-08,1590.2035,9.4,1771.9647,181.7612,NORMAL
hybas_4120831810,27.93125,78.852083,2024-07-09,1771.9647,1.4,1850.9263,78.9616,NORMAL
hybas_4120831810,27.93125,78.852083,2024-07-10,1850.9263,8.0,1980.2927,129.3664,NORMAL
hybas_4120831810,27.93125,78.852083,2024-07-11,1980.2927,8.8,2071.115,90.8223,NORMAL
hybas_4120831810,27.93125,78.852083,2024-07-12,2071.115,0.0,2055.1698,-15.9452,NORMAL
hybas_4120831810,27.93125,78.852083,2024-07-13,2055.1698,0.6,1987.1374,-68.0324,NORMAL
hybas_4120831810,27.93125,78.852083,2024-07-14,1987.1374,6.7,1944.5768,-42.5606,NORMAL
hybas_4120831810,27.93125,78.852083,2024-07-15,1944.5768,6.9,1954.4932,9.9163,NORMAL
hybas_4120831810,27.93125,78.852083,2024-07-16,1954.4932,0.2,1881.2101,-73.2831,NORMAL
hybas_4120831810,27.93125,78.852083,2024-07-17,1881.2101,0.7,1786.8291,-94.381,NORMAL
hybas_4120831810,27.93125,78.852083,2024-07-18,1786.8291,2.3,1683.7053,-103.1238,NORMAL
hybas_4120831810,27.93125,78.852083,2024-07-19,1683.7053,15.2,1620.6275,-63.0778,NORMAL
hybas_4120831810,27.93125,78.852083,2024-07-20,1620.6275,5.1,1592.3187,-28.3088,NORMAL
hybas_4120831810,27.93125,78.852083,2024-07-21,1592.3187,3.0,1560.4162,-31.9024,NORMAL
hybas_4120831810,27.93125,78.852083,2024-07-22,1560.4162,2.6,1546.4646,-13.9516,NORMAL
hybas_4120831810,27.93125,78.852083,2024-07-23,1546.4646,9.9,1550.7774,4.3128,NORMAL
hybas_4120831810,27.93125,78.852083,2024-07-24,1550.7774,10.2,1561.4389,10.6614,NORMAL
hybas_4120831810,27.93125,78.852083,2024-07-25,1561.4389,9.3,1579.9276,18.4887,NORMAL
hybas_4120831810,27.93125,78.852083,2024-07-26,1579.9276,9.2,1599.6356,19.708,NORMAL
hybas_4120831810,27.93125,78.852083,2024-07-27,1599.6356,0.9,1609.8852,10.2496,NORMAL
hybas_4120831810,27.93125,78.852083,2024-07-28,1609.8852,0.9,1574.5885,-35.2967,NORMAL
hybas_4120831810,27.93125,78.852083,2024-07-29,1574.5885,0.6,1503.3063,-71.2822,NORMAL
hybas_4120831810,27.93125,78.852083,2024-07-30,1503.3063,0.8,1398.4283,-104.8781,NORMAL
hybas_4120831810,27.93125,78.852083,2024-07-31,1398.4283,13.3,1332.2196,-66.2087,NORMAL
hybas_4120802470,28.86875,78.772917,2024-07-02,21.6719,39.6,225.506,203.8341,NORMAL
hybas_4120802470,28.86875,78.772917,2024-07-03,225.506,33.5,365.9931,140.4871,NORMAL
hybas_4120802470,28.86875,78.772917,2024-07-04,365.9931,3.7,435.9595,69.9663,NORMAL
hybas_4120802470,28.86875,78.772917,2024-07-05,435.9595,46.2,588.4567,152.4973,NORMAL
hybas_4120802470,28.86875,78.772917,2024-07-06,588.4567,38.9,796.2292,207.7724,WATCH
hybas_4120802470,28.86875,78.772917,2024-07-07,796.2292,92.9,872.7282,76.4991,WATCH
hybas_4120802470,28.86875,78.772917,2024-07-08,872.7282,3.9,852.2972,-20.431,WATCH
hybas_4120802470,28.86875,78.772917,2024-07-09,852.2972,0.3,836.1954,-16.1018,WATCH
hybas_4120802470,28.86875,78.772917,2024-07-10,836.1954,4.9,809.5055,-26.6899,WATCH
hybas_4120802470,28.86875,78.772917,2024-07-11,809.5055,1.2,785.5642,-23.9413,WATCH
hybas_4120802470,28.86875,78.772917,2024-07-12,785.5642,1.4,761.5184,-24.0458,WATCH
hybas_4120802470,28.86875,78.772917,2024-07-13,761.5184,2.5,777.0097,15.4913,WATCH
hybas_4120802470,28.86875,78.772917,2024-07-14,777.0097,0.6,798.5554,21.5457,WATCH
hybas_4120802470,28.86875,78.772917,2024-07-15,798.5554,12.5,788.8929,-9.6625,WATCH
hybas_4120802470,28.86875,78.772917,2024-07-16,788.8929,19.0,778.6676,-10.2253,WATCH
hybas_4120802470,28.86875,78.772917,2024-07-17,778.6676,1.4,761.8617,-16.8059,WATCH
hybas_4120802470,28.86875,78.772917,2024-07-18,761.8617,2.0,750.628,-11.2338,WATCH
hybas_4120802470,28.86875,78.772917,2024-07-19,750.628,10.8,734.6152,-16.0128,NORMAL
hybas_4120802470,28.86875,78.772917,2024-07-20,734.6152,1.0,716.5973,-18.0179,NORMAL
hybas_4120802470,28.86875,78.772917,2024-07-21,716.5973,8.6,692.7493,-23.8479,NORMAL
hybas_4120802470,28.86875,78.772917,2024-07-22,692.7493,7.7,658.3567,-34.3927,NORMAL
hybas_4120802470,28.86875,78.772917,2024-07-23,658.3567,13.6,630.7396,-27.6171,NORMAL
hybas_4120802470,28.86875,78.772917,2024-07-24,630.7396,2.8,600.7845,-29.955,NORMAL
hybas_4120802470,28.86875,78.772917,2024-07-25,600.7845,6.1,569.8865,-30.898,NORMAL
hybas_4120802470,28.86875,78.772917,2024-07-26,569.8865,8.4,527.5049,-42.3816,NORMAL
hybas_4120802470,28.86875,78.772917,2024-07-27,527.5049,1.5,504.6189,-22.886,NORMAL
hybas_4120802470,28.86875,78.772917,2024-07-28,504.6189,0.2,484.0941,-20.5247,NORMAL
hybas_4120802470,28.86875,78.772917,2024-07-29,484.0941,0.2,474.2158,-9.8784,NORMAL
hybas_4120802470,28.86875,78.772917,2024-07-30,474.2158,6.0,461.7423,-12.4735,NORMAL
hybas_4120802470,28.86875,78.772917,2024-07-31,461.7423,14.9,434.2274,-27.5149,NORMAL
hybas_4121484190,26.422917,79.48125,2024-07-02,717.3906,12.2,851.08,133.6894,NORMAL
hybas_4121484190,26.422917,79.48125,2024-07-03,851.08,19.7,1024.9133,173.8333,NORMAL
hybas_4121484190,26.422917,79.48125,2024-07-04,1024.9133,12.3,1170.4451,145.5318,NORMAL
hybas_4121484190,26.422917,79.48125,2024-07-05,1170.4451,15.6,1331.4354,160.9903,NORMAL
hybas_4121484190,26.422917,79.48125,2024-07-06,1331.4354,19.0,1487.7652,156.3298,NORMAL
hybas_4121484190,26.422917,79.48125,2024-07-07,1487.7652,11.1,1575.0232,87.2581,NORMAL
hybas_4121484190,26.422917,79.48125,2024-07-08,1575.0232,1.4,1541.5696,-33.4537,NORMAL
hybas_4121484190,26.422917,79.48125,2024-07-09,1541.5696,12.2,1529.3393,-12.2303,NORMAL
hybas_4121484190,26.422917,79.48125,2024-07-10,1529.3393,11.0,1484.7481,-44.5912,NORMAL
hybas_4121484190,26.422917,79.48125,2024-07-11,1484.7481,10.1,1427.6423,-57.1058,NORMAL
hybas_4121484190,26.422917,79.48125,2024-07-12,1427.6423,0.7,1333.503,-94.1393,NORMAL
hybas_4121484190,26.422917,79.48125,2024-07-13,1333.503,4.1,1297.2031,-36.2999,NORMAL
hybas_4121484190,26.422917,79.48125,2024-07-14,1297.2031,3.2,1272.9676,-24.2355,NORMAL
hybas_4121484190,26.422917,79.48125,2024-07-15,1272.9676,7.1,1257.5178,-15.4498,NORMAL
hybas_4121484190,26.422917,79.48125,2024-07-16,1257.5178,0.1,1244.4989,-13.019,NORMAL
hybas_4121484190,26.422917,79.48125,2024-07-17,1244.4989,3.6,1241.9961,-2.5028,NORMAL
hybas_4121484190,26.422917,79.48125,2024-07-18,1241.9961,10.4,1240.405,-1.5911,NORMAL
hybas_4121484190,26.422917,79.48125,2024-07-19,1240.405,14.6,1225.9444,-14.4606,NORMAL
hybas_4121484190,26.422917,79.48125,2024-07-20,1225.9444,9.3,1218.4653,-7.4792,NORMAL
hybas_4121484190,26.422917,79.48125,2024-07-21,1218.4653,0.6,1209.1411,-9.3242,NORMAL
hybas_4121484190,26.422917,79.48125,2024-07-22,1209.1411,10.1,1194.1601,-14.981,NORMAL
hybas_4121484190,26.422917,79.48125,2024-07-23,1194.1601,17.5,1196.1754,2.0153,NORMAL
hybas_4121484190,26.422917,79.48125,2024-07-24,1196.1754,16.8,1198.5496,2.3742,NORMAL
hybas_4121484190,26.422917,79.48125,2024-07-25,1198.5496,22.1,1179.171,-19.3786,NORMAL
hybas_4121484190,26.422917,79.48125,2024-07-26,1179.171,8.4,1139.3878,-39.7832,NORMAL
hybas_4121484190,26.422917,79.48125,2024-07-27,1139.3878,11.0,1112.172,-27.2157,NORMAL
hybas_4121484190,26.422917,79.48125,2024-07-28,1112.172,6.7,1064.4541,-47.7179,NORMAL
hybas_4121484190,26.422917,79.48125,2024-07-29,1064.4541,1.8,1011.7404,-52.7137,NORMAL
hybas_4121484190,26.422917,79.48125,2024-07-30,1011.7404,4.2,989.5793,-22.1611,NORMAL
hybas_4121484190,26.422917,79.48125,2024-07-31,989.5793,17.4,979.8858,-9.6935,NORMAL
hybas_4120889340,26.11875,79.777083,2024-07-02,677.4062,14.3,816.1697,138.7635,NORMAL
hybas_4120889340,26.11875,79.777083,2024-07-03,816.1697,10.2,892.6648,76.495,NORMAL
hybas_4120889340,26.11875,79.777083,2024-07-04,892.6648,15.2,1011.5152,118.8505,NORMAL
hybas_4120889340,26.11875,79.777083,2024-07-05,1011.5152,13.5,1131.9495,120.4342,NORMAL
hybas_4120889340,26.11875,79.777083,2024-07-06,1131.9495,17.4,1265.1057,133.1562,NORMAL
hybas_4120889340,26.11875,79.777083,2024-07-07,1265.1057,24.3,1399.4061,134.3004,NORMAL
hybas_4120889340,26.11875,79.777083,2024-07-08,1399.4061,0.7,1353.8297,-45.5763,NORMAL
hybas_4120889340,26.11875,79.777083,2024-07-09,1353.8297,1.4,1275.8323,-77.9974,NORMAL
hybas_4120889340,26.11875,79.777083,2024-07-10,1275.8323,27.9,1238.5164,-37.3159,NORMAL
hybas_4120889340,26.11875,79.777083,2024-07-11,1238.5164,16.7,1227.0278,-11.4886,NORMAL
hybas_4120889340,26.11875,79.777083,2024-07-12,1227.0278,2.6,1126.798,-100.2298,NORMAL
hybas_4120889340,26.11875,79.777083,2024-07-13,1126.798,2.6,1056.2156,-70.5824,NORMAL
hybas_4120889340,26.11875,79.777083,2024-07-14,1056.2156,1.0,1011.269,-44.9466,NORMAL
hybas_4120889340,26.11875,79.777083,2024-07-15,1011.269,12.7,994.0101,-17.2589,NORMAL
hybas_4120889340,26.11875,79.777083,2024-07-16,994.0101,0.6,973.4703,-20.5399,NORMAL
hybas_4120889340,26.11875,79.777083,2024-07-17,973.4703,1.1,966.0227,-7.4476,NORMAL
hybas_4120889340,26.11875,79.777083,2024-07-18,966.0227,5.4,962.7102,-3.3125,NORMAL
hybas_4120889340,26.11875,79.777083,2024-07-19,962.7102,17.8,975.8038,13.0936,NORMAL
hybas_4120889340,26.11875,79.777083,2024-07-20,975.8038,15.1,982.5208,6.7169,NORMAL
hybas_4120889340,26.11875,79.777083,2024-07-21,982.5208,0.1,975.8782,-6.6426,NORMAL
hybas_4120889340,26.11875,79.777083,2024-07-22,975.8782,8.4,972.4573,-3.4209,NORMAL
hybas_4120889340,26.11875,79.777083,2024-07-23,972.4573,22.6,981.4355,8.9782,NORMAL
hybas_4120889340,26.11875,79.777083,2024-07-24,981.4355,25.8,985.9332,4.4977,NORMAL
hybas_4120889340,26.11875,79.777083,2024-07-25,985.9332,24.7,987.9635,2.0303,NORMAL
hybas_4120889340,26.11875,79.777083,2024-07-26,987.9635,13.0,968.1276,-19.8359,NORMAL
hybas_4120889340,26.11875,79.777083,2024-07-27,968.1276,14.7,947.0396,-21.088,NORMAL
hybas_4120889340,26.11875,79.777083,2024-07-28,947.0396,5.2,902.5932,-44.4464,NORMAL
hybas_4120889340,26.11875,79.777083,2024-07-29,902.5932,1.2,852.0269,-50.5663,NORMAL
hybas_4120889340,26.11875,79.777083,2024-07-30,852.0269,0.4,829.0758,-22.9511,NORMAL
hybas_4120889340,26.11875,79.777083,2024-07-31,829.0758,5.9,819.7899,-9.2858,NORMAL
hybas_4121491410,25.885417,79.989583,2024-07-02,82.0938,4.6,85.9406,3.8468,NORMAL
hybas_4121491410,25.885417,79.989583,2024-07-03,85.9406,11.2,71.5408,-14.3998,NORMAL
hybas_4121491410,25.885417,79.989583,2024-07-04,71.5408,13.8,64.9563,-6.5845,NORMAL
hybas_4121491410,25.885417,79.989583,2024-07-05,64.9563,19.9,104.6652,39.7089,NORMAL
hybas_4121491410,25.885417,79.989583,2024-07-06,104.6652,14.3,208.5012,103.836,NORMAL
hybas_4121491410,25.885417,79.989583,2024-07-07,208.5012,27.0,350.7737,142.2725,NORMAL
hybas_4121491410,25.885417,79.989583,2024-07-08,350.7737,1.0,312.713,-38.0607,NORMAL
hybas_4121491410,25.885417,79.989583,2024-07-09,312.713,5.6,264.3475,-48.3655,NORMAL
hybas_4121491410,25.885417,79.989583,2024-07-10,264.3475,19.5,264.0564,-0.2911,NORMAL
hybas_4121491410,25.885417,79.989583,2024-07-11,264.0564,7.0,202.7703,-61.2861,NORMAL
hybas_4121491410,25.885417,79.989583,2024-07-12,202.7703,2.3,145.3681,-57.4023,NORMAL
hybas_4121491410,25.885417,79.989583,2024-07-13,145.3681,5.3,109.0,-36.368,NORMAL
hybas_4121491410,25.885417,79.989583,2024-07-14,109.0,0.7,71.5754,-37.4246,NORMAL
hybas_4121491410,25.885417,79.989583,2024-07-15,71.5754,8.1,56.3256,-15.2499,NORMAL
hybas_4121491410,25.885417,79.989583,2024-07-16,56.3256,0.0,42.9371,-13.3885,NORMAL
hybas_4121491410,25.885417,79.989583,2024-07-17,42.9371,4.9,36.5752,-6.3618,NORMAL
hybas_4121491410,25.885417,79.989583,2024-07-18,36.5752,1.3,34.6756,-1.8996,NORMAL
hybas_4121491410,25.885417,79.989583,2024-07-19,34.6756,11.9,36.5808,1.9052,NORMAL
hybas_4121491410,25.885417,79.989583,2024-07-20,36.5808,10.9,34.9461,-1.6347,NORMAL
hybas_4121491410,25.885417,79.989583,2024-07-21,34.9461,0.2,32.687,-2.2591,NORMAL
hybas_4121491410,25.885417,79.989583,2024-07-22,32.687,7.4,33.2356,0.5486,NORMAL
hybas_4121491410,25.885417,79.989583,2024-07-23,33.2356,20.4,48.4527,15.2171,NORMAL
hybas_4121491410,25.885417,79.989583,2024-07-24,48.4527,21.9,69.4302,20.9774,NORMAL
hybas_4121491410,25.885417,79.989583,2024-07-25,69.4302,17.1,80.9178,11.4876,NORMAL
hybas_4121491410,25.885417,79.989583,2024-07-26,80.9178,10.2,66.2314,-14.6864,NORMAL
hybas_4121491410,25.885417,79.989583,2024-07-27,66.2314,7.2,47.8385,-18.3929,NORMAL
hybas_4121491410,25.885417,79.989583,2024-07-28,47.8385,2.7,19.4594,-28.3791,NORMAL
hybas_4121491410,25.885417,79.989583,2024-07-29,19.4594,0.7,-15.6463,-35.1057,NORMAL
hybas_4121491410,25.885417,79.989583,2024-07-30,-15.6463,0.2,-36.6851,-21.0388,NORMAL
hybas_4121491410,25.885417,79.989583,2024-07-31,-36.6851,6.8,-42.8604,-6.1753,NORMAL
hybas_4120900980,25.76875,80.522917,2024-07-02,671.6719,9.2,660.7672,-10.9047,NORMAL
hybas_4120900980,25.76875,80.522917,2024-07-03,660.7672,11.2,660.5452,-0.2219,NORMAL
hybas_4120900980,25.76875,80.522917,2024-07-04,660.5452,12.2,650.6914,-9.8538,NORMAL
hybas_4120900980,25.76875,80.522917,2024-07-05,650.6914,13.0,633.0189,-17.6726,NORMAL
hybas_4120900980,25.76875,80.522917,2024-07-06,633.0189,13.8,616.9223,-16.0966,NORMAL
hybas_4120900980,25.76875,80.522917,2024-07-07,616.9223,8.1,585.8508,-31.0715,NORMAL
hybas_4120900980,25.76875,80.522917,2024-07-08,585.8508,3.0,563.9441,-21.9068,NORMAL
hybas_4120900980,25.76875,80.522917,2024-07-09,563.9441,1.9,539.3803,-24.5638,NORMAL
hybas_4120900980,25.76875,80.522917,2024-07-10,539.3803,33.9,552.9657,13.5854,NORMAL
hybas_4120900980,25.76875,80.522917,2024-07-11,552.9657,12.8,536.0051,-16.9606,NORMAL
hybas_4120900980,25.76875,80.522917,2024-07-12,536.0051,3.1,507.1562,-28.849,NORMAL
hybas_4120900980,25.76875,80.522917,2024-07-13,507.1562,16.7,482.974,-24.1821,NORMAL
hybas_4120900980,25.76875,80.522917,2024-07-14,482.974,3.7,458.4642,-24.5098,NORMAL
hybas_4120900980,25.76875,80.522917,2024-07-15,458.4642,5.5,444.2153,-14.249,NORMAL
hybas_4120900980,25.76875,80.522917,2024-07-16,444.2153,0.1,433.6367,-10.5786,NORMAL
hybas_4120900980,25.76875,80.522917,2024-07-17,433.6367,4.3,431.1596,-2.4771,NORMAL
hybas_4120900980,25.76875,80.522917,2024-07-18,431.1596,7.1,427.8843,-3.2753,NORMAL
hybas_4120900980,25.76875,80.522917,2024-07-19,427.8843,4.8,427.2859,-0.5984,NORMAL
hybas_4120900980,25.76875,80.522917,2024-07-20,427.2859,2.2,427.1013,-0.1846,NORMAL
hybas_4120900980,25.76875,80.522917,2024-07-21,427.1013,0.2,424.1828,-2.9185,NORMAL
hybas_4120900980,25.76875,80.522917,2024-07-22,424.1828,3.7,425.4171,1.2343,NORMAL
hybas_4120900980,25.76875,80.522917,2024-07-23,425.4171,25.6,445.022,19.6048,NORMAL
hybas_4120900980,25.76875,80.522917,2024-07-24,445.022,21.4,461.0748,16.0528,NORMAL
hybas_4120900980,25.76875,80.522917,2024-07-25,461.0748,17.1,474.5955,13.5207,NORMAL
hybas_4120900980,25.76875,80.522917,2024-07-26,474.5955,11.8,468.9743,-5.6212,NORMAL
hybas_4120900980,25.76875,80.522917,2024-07-27,468.9743,1.2,466.5324,-2.4418,NORMAL
hybas_4120900980,25.76875,80.522917,2024-07-28,466.5324,2.2,467.2732,0.7408,NORMAL
hybas_4120900980,25.76875,80.522917,2024-07-29,467.2732,0.8,464.9021,-2.3712,NORMAL
hybas_4120900980,25.76875,80.522917,2024-07-30,464.9021,0.9,463.1125,-1.7896,NORMAL
hybas_4120900980,25.76875,80.522917,2024-07-31,463.1125,8.7,460.3005,-2.8119,NORMAL
hybas_4120911450,25.422917,81.885417,2024-07-02,950.8281,15.1,958.3775,7.5494,NORMAL
hybas_4120911450,25.422917,81.885417,2024-07-03,958.3775,8.2,965.0625,6.685,NORMAL
hybas_4120911450,25.422917,81.885417,2024-07-04,965.0625,14.4,965.1404,0.0779,NORMAL
hybas_4120911450,25.422917,81.885417,2024-07-05,965.1404,14.9,988.2384,23.098,NORMAL
hybas_4120911450,25.422917,81.885417,2024-07-06,988.2384,18.6,1059.9056,71.6672,NORMAL
hybas_4120911450,25.422917,81.885417,2024-07-07,1059.9056,14.3,1097.0987,37.1932,NORMAL
hybas_4120911450,25.422917,81.885417,2024-07-08,1097.0987,4.6,1066.2822,-30.8165,NORMAL
hybas_4120911450,25.422917,81.885417,2024-07-09,1066.2822,2.5,1017.5478,-48.7344,NORMAL
hybas_4120911450,25.422917,81.885417,2024-07-10,1017.5478,34.2,985.7355,-31.8123,NORMAL
hybas_4120911450,25.422917,81.885417,2024-07-11,985.7355,23.4,933.5407,-52.1949,NORMAL
hybas_4120911450,25.422917,81.885417,2024-07-12,933.5407,24.4,878.5266,-55.0141,NORMAL
hybas_4120911450,25.422917,81.885417,2024-07-13,878.5266,13.6,811.269,-67.2576,NORMAL
hybas_4120911450,25.422917,81.885417,2024-07-14,811.269,13.3,745.15,-66.119,NORMAL
hybas_4120911450,25.422917,81.885417,2024-07-15,745.15,6.3,695.1987,-49.9512,NORMAL
hybas_4120911450,25.422917,81.885417,2024-07-16,695.1987,0.3,652.2763,-42.9224,NORMAL
hybas_4120911450,25.422917,81.885417,2024-07-17,652.2763,2.9,620.793,-31.4834,NORMAL
hybas_4120911450,25.422917,81.885417,2024-07-18,620.793,0.8,610.9732,-9.8198,NORMAL
hybas_4120911450,25.422917,81.885417,2024-07-19,610.9732,0.1,603.5416,-7.4316,NORMAL
hybas_4120911450,25.422917,81.885417,2024-07-20,603.5416,2.0,603.5657,0.0241,NORMAL
hybas_4120911450,25.422917,81.885417,2024-07-21,603.5657,0.3,602.4401,-1.1256,NORMAL
hybas_4120911450,25.422917,81.885417,2024-07-22,602.4401,1.0,603.3652,0.925,NORMAL
hybas_4120911450,25.422917,81.885417,2024-07-23,603.3652,27.0,621.7543,18.3892,NORMAL
hybas_4120911450,25.422917,81.885417,2024-07-24,621.7543,8.0,619.6808,-2.0735,NORMAL
hybas_4120911450,25.422917,81.885417,2024-07-25,619.6808,14.4,638.6914,19.0106,NORMAL
hybas_4120911450,25.422917,81.885417,2024-07-26,638.6914,6.5,638.7727,0.0813,NORMAL
hybas_4120911450,25.422917,81.885417,2024-07-27,638.7727,3.9,638.2681,-0.5046,NORMAL
hybas_4120911450,25.422917,81.885417,2024-07-28,638.2681,0.5,639.1908,0.9226,NORMAL
hybas_4120911450,25.422917,81.885417,2024-07-29,639.1908,0.7,640.31,1.1192,NORMAL
hybas_4120911450,25.422917,81.885417,2024-07-30,640.31,12.0,639.7402,-0.5697,NORMAL
hybas_4120911450,25.422917,81.885417,2024-07-31,639.7402,9.2,638.5535,-1.1867,NORMAL
hybas_4120859620,27.052083,83.202083,2024-07-02,1.8906,12.6,64.6801,62.7895,NORMAL
hybas_4120859620,27.052083,83.202083,2024-07-03,64.6801,133.7,75.9783,11.2982,NORMAL
hybas_4120859620,27.052083,83.202083,2024-07-04,75.9783,21.4,167.8071,91.8288,NORMAL
hybas_4120859620,27.052083,83.202083,2024-07-05,167.8071,21.6,236.9808,69.1737,NORMAL
hybas_4120859620,27.052083,83.202083,2024-07-06,236.9808,36.5,305.8369,68.8561,NORMAL
hybas_4120859620,27.052083,83.202083,2024-07-07,305.8369,33.5,361.7572,55.9203,NORMAL
hybas_4120859620,27.052083,83.202083,2024-07-08,361.7572,12.0,327.8869,-33.8703,NORMAL
hybas_4120859620,27.052083,83.202083,2024-07-09,327.8869,11.8,275.27,-52.6169,NORMAL
hybas_4120859620,27.052083,83.202083,2024-07-10,275.27,17.4,216.0754,-59.1946,NORMAL
hybas_4120859620,27.052083,83.202083,2024-07-11,216.0754,32.5,170.1965,-45.8789,NORMAL
hybas_4120859620,27.052083,83.202083,2024-07-12,170.1965,23.1,132.4052,-37.7912,NORMAL
hybas_4120859620,27.052083,83.202083,2024-07-13,132.4052,11.5,57.6145,-74.7907,NORMAL
hybas_4120859620,27.052083,83.202083,2024-07-14,57.6145,14.4,-12.79,-70.4045,NORMAL
hybas_4120859620,27.052083,83.202083,2024-07-15,-12.79,11.2,-88.0063,-75.2163,NORMAL
hybas_4120859620,27.052083,83.202083,2024-07-16,-88.0063,0.5,-131.9154,-43.9091,NORMAL
hybas_4120859620,27.052083,83.202083,2024-07-17,-131.9154,3.9,-166.7959,-34.8805,NORMAL
hybas_4120859620,27.052083,83.202083,2024-07-18,-166.7959,13.3,-215.7757,-48.9798,NORMAL
hybas_4120859620,27.052083,83.202083,2024-07-19,-215.7757,20.8,-215.1147,0.661,NORMAL
hybas_4120859620,27.052083,83.202083,2024-07-20,-215.1147,0.9,-260.9357,-45.821,NORMAL
hybas_4120859620,27.052083,83.202083,2024-07-21,-260.9357,0.8,-280.1123,-19.1766,NORMAL
hybas_4120859620,27.052083,83.202083,2024-07-22,-280.1123,1.3,-288.5479,-8.4356,NORMAL
hybas_4120859620,27.052083,83.202083,2024-07-23,-288.5479,3.0,-287.7041,0.8439,NORMAL
hybas_4120859620,27.052083,83.202083,2024-07-24,-287.7041,4.8,-285.8236,1.8805,NORMAL
hybas_4120859620,27.052083,83.202083,2024-07-25,-285.8236,7.4,-286.3926,-0.569,NORMAL
hybas_4120859620,27.052083,83.202083,2024-07-26,-286.3926,7.5,-290.9448,-4.5521,NORMAL
hybas_4120859620,27.052083,83.202083,2024-07-27,-290.9448,1.8,-295.6715,-4.7267,NORMAL
hybas_4120859620,27.052083,83.202083,2024-07-28,-295.6715,0.4,-294.9842,0.6873,NORMAL
hybas_4120859620,27.052083,83.202083,2024-07-29,-294.9842,0.2,-295.251,-0.2668,NORMAL
hybas_4120859620,27.052083,83.202083,2024-07-30,-295.251,26.6,-275.177,20.074,NORMAL
hybas_4120859620,27.052083,83.202083,2024-07-31,-275.177,17.5,-245.1994,29.9776,NORMAL
hybas_4121497870,25.39375,80.310417,2024-07-02,14.3125,1.3,4.5809,-9.7316,NORMAL
hybas_4121497870,25.39375,80.310417,2024-07-03,4.5809,0.8,-11.3714,-15.9523,NORMAL
hybas_4121497870,25.39375,80.310417,2024-07-04,-11.3714,6.3,-21.7156,-10.3442,NORMAL
hybas_4121497870,25.39375,80.310417,2024-07-05,-21.7156,10.3,-29.1166,-7.401,NORMAL
hybas_4121497870,25.39375,80.310417,2024-07-06,-29.1166,8.5,-42.9005,-13.784,NORMAL
hybas_4121497870,25.39375,80.310417,2024-07-07,-42.9005,6.2,-55.6376,-12.737,NORMAL
hybas_4121497870,25.39375,80.310417,2024-07-08,-55.6376,3.6,-60.4663,-4.8287,NORMAL
hybas_4121497870,25.39375,80.310417,2024-07-09,-60.4663,1.8,-68.4926,-8.0263,NORMAL
hybas_4121497870,25.39375,80.310417,2024-07-10,-68.4926,18.3,-72.7814,-4.2888,NORMAL
hybas_4121497870,25.39375,80.310417,2024-07-11,-72.7814,9.0,-80.3222,-7.5408,NORMAL
hybas_4121497870,25.39375,80.310417,2024-07-12,-80.3222,10.5,-84.4791,-4.1569,NORMAL
hybas_4121497870,25.39375,80.310417,2024-07-13,-84.4791,16.2,-81.153,3.3261,NORMAL
hybas_4121497870,25.39375,80.310417,2024-07-14,-81.153,6.5,-86.4669,-5.3139,NORMAL
hybas_4121497870,25.39375,80.310417,2024-07-15,-86.4669,2.8,-97.9337,-11.4668,NORMAL
hybas_4121497870,25.39375,80.310417,2024-07-16,-97.9337,0.3,-112.1686,-14.235,NORMAL
hybas_4121497870,25.39375,80.310417,2024-07-17,-112.1686,4.2,-114.8313,-2.6627,NORMAL
hybas_4121497870,25.39375,80.310417,2024-07-18,-114.8313,1.8,-113.8948,0.9364,NORMAL
hybas_4121497870,25.39375,80.310417,2024-07-19,-113.8948,3.9,-111.6275,2.2673,NORMAL
hybas_4121497870,25.39375,80.310417,2024-07-20,-111.6275,3.6,-110.0266,1.6009,NORMAL
hybas_4121497870,25.39375,80.310417,2024-07-21,-110.0266,0.1,-109.7199,0.3067,NORMAL
hybas_4121497870,25.39375,80.310417,2024-07-22,-109.7199,1.5,-107.6775,2.0424,NORMAL
hybas_4121497870,25.39375,80.310417,2024-07-23,-107.6775,19.8,-105.0514,2.6261,NORMAL
hybas_4121497870,25.39375,80.310417,2024-07-24,-105.0514,27.0,-82.4393,22.612,NORMAL
hybas_4121497870,25.39375,80.310417,2024-07-25,-82.4393,6.7,-87.8489,-5.4095,NORMAL
hybas_4121497870,25.39375,80.310417,2024-07-26,-87.8489,33.6,-66.3277,21.5212,NORMAL
hybas_4121497870,25.39375,80.310417,2024-07-27,-66.3277,2.1,-79.0715,-12.7438,NORMAL
hybas_4121497870,25.39375,80.310417,2024-07-28,-79.0715,3.2,-92.5801,-13.5087,NORMAL
hybas_4121497870,25.39375,80.310417,2024-07-29,-92.5801,0.9,-103.0083,-10.4282,NORMAL
hybas_4121497870,25.39375,80.310417,2024-07-30,-103.0083,0.3,-109.6876,-6.6793,NORMAL
hybas_4121497870,25.39375,80.310417,2024-07-31,-109.6876,11.2,-107.6098,2.0778,NORMAL
hybas_4120857030,27.14375,81.460417,2024-07-02,1648.4375,33.1,1782.5167,134.0792,NORMAL
hybas_4120857030,27.14375,81.460417,2024-07-03,1782.5167,40.0,1933.6417,151.125,NORMAL
hybas_4120857030,27.14375,81.460417,2024-07-04,1933.6417,13.0,2034.5417,100.9,NORMAL
hybas_4120857030,27.14375,81.460417,2024-07-05,2034.5417,46.3,2160.9031,126.3615,NORMAL
hybas_4120857030,27.14375,81.460417,2024-07-06,2160.9031,38.8,2292.073,131.1699,NORMAL
hybas_4120857030,27.14375,81.460417,2024-07-07,2292.073,18.5,2382.4136,90.3406,NORMAL
hybas_4120857030,27.14375,81.460417,2024-07-08,2382.4136,3.4,2432.6129,50.1994,NORMAL
hybas_4120857030,27.14375,81.460417,2024-07-09,2432.6129,5.4,2463.3673,30.7544,NORMAL
hybas_4120857030,27.14375,81.460417,2024-07-10,2463.3673,17.1,2495.8932,32.5259,NORMAL
hybas_4120857030,27.14375,81.460417,2024-07-11,2495.8932,28.3,2526.9227,31.0294,NORMAL
hybas_4120857030,27.14375,81.460417,2024-07-12,2526.9227,10.7,2524.9812,-1.9414,NORMAL
hybas_4120857030,27.14375,81.460417,2024-07-13,2524.9812,16.3,2525.4977,0.5164,NORMAL
hybas_4120857030,27.14375,81.460417,2024-07-14,2525.4977,2.2,2484.4044,-41.0933,NORMAL
hybas_4120857030,27.14375,81.460417,2024-07-15,2484.4044,16.0,2461.9553,-22.4492,NORMAL
hybas_4120857030,27.14375,81.460417,2024-07-16,2461.9553,2.0,2401.7908,-60.1644,NORMAL
hybas_4120857030,27.14375,81.460417,2024-07-17,2401.7908,5.0,2326.9214,-74.8694,NORMAL
hybas_4120857030,27.14375,81.460417,2024-07-18,2326.9214,14.6,2265.3783,-61.5432,NORMAL
hybas_4120857030,27.14375,81.460417,2024-07-19,2265.3783,5.9,2211.1509,-54.2273,NORMAL
hybas_4120857030,27.14375,81.460417,2024-07-20,2211.1509,0.4,2172.4378,-38.7131,NORMAL
hybas_4120857030,27.14375,81.460417,2024-07-21,2172.4378,0.9,2160.722,-11.7159,NORMAL
hybas_4120857030,27.14375,81.460417,2024-07-22,2160.722,6.5,2151.0568,-9.6652,NORMAL
hybas_4120857030,27.14375,81.460417,2024-07-23,2151.0568,2.4,2141.3264,-9.7304,NORMAL
hybas_4120857030,27.14375,81.460417,2024-07-24,2141.3264,6.2,2134.2485,-7.0779,NORMAL
hybas_4120857030,27.14375,81.460417,2024-07-25,2134.2485,7.9,2122.8088,-11.4397,NORMAL
hybas_4120857030,27.14375,81.460417,2024-07-26,2122.8088,11.0,2124.3461,1.5373,NORMAL
hybas_4120857030,27.14375,81.460417,2024-07-27,2124.3461,5.1,2105.7579,-18.5882,NORMAL
hybas_4120857030,27.14375,81.460417,2024-07-28,2105.7579,0.2,2100.7821,-4.9758,NORMAL
hybas_4120857030,27.14375,81.460417,2024-07-29,2100.7821,0.0,2096.9558,-3.8263,NORMAL
hybas_4120857030,27.14375,81.460417,2024-07-30,2096.9558,13.7,2112.3995,15.4437,NORMAL
hybas_4120857030,27.14375,81.460417,2024-07-31,2112.3995,12.7,2119.7732,7.3738,NORMAL
hybas_4120866980,26.80625,82.14375,2024-07-02,1579.7656,51.7,1792.418,212.6524,NORMAL
hybas_4120866980,26.80625,82.14375,2024-07-03,1792.418,19.0,1957.1566,164.7386,NORMAL
hybas_4120866980,26.80625,82.14375,2024-07-04,1957.1566,24.4,2112.4032,155.2465,NORMAL
hybas_4120866980,26.80625,82.14375,2024-07-05,2112.4032,47.9,2241.5488,129.1456,NORMAL
hybas_4120866980,26.80625,82.14375,2024-07-06,2241.5488,31.5,2335.6943,94.1456,NORMAL
hybas_4120866980,26.80625,82.14375,2024-07-07,2335.6943,32.6,2392.0774,56.3831,NORMAL
hybas_4120866980,26.80625,82.14375,2024-07-08,2392.0774,1.8,2357.0672,-35.0102,NORMAL
hybas_4120866980,26.80625,82.14375,2024-07-09,2357.0672,10.4,2330.107,-26.9603,NORMAL
hybas_4120866980,26.80625,82.14375,2024-07-10,2330.107,16.6,2305.3741,-24.7329,NORMAL
hybas_4120866980,26.80625,82.14375,2024-07-11,2305.3741,41.6,2301.8377,-3.5364,NORMAL
hybas_4120866980,26.80625,82.14375,2024-07-12,2301.8377,15.4,2270.2548,-31.5829,NORMAL
hybas_4120866980,26.80625,82.14375,2024-07-13,2270.2548,19.4,2249.6324,-20.6225,NORMAL
hybas_4120866980,26.80625,82.14375,2024-07-14,2249.6324,7.4,2189.3805,-60.2519,NORMAL
hybas_4120866980,26.80625,82.14375,2024-07-15,2189.3805,23.3,2151.5376,-37.8429,NORMAL
hybas_4120866980,26.80625,82.14375,2024-07-16,2151.5376,0.2,2070.7856,-80.752,NORMAL
hybas_4120866980,26.80625,82.14375,2024-07-17,2070.7856,1.5,2021.6617,-49.1239,NORMAL
hybas_4120866980,26.80625,82.14375,2024-07-18,2021.6617,15.1,1993.4235,-28.2381,NORMAL
hybas_4120866980,26.80625,82.14375,2024-07-19,1993.4235,14.4,1968.6501,-24.7734,NORMAL
hybas_4120866980,26.80625,82.14375,2024-07-20,1968.6501,0.4,1943.5208,-25.1293,NORMAL
hybas_4120866980,26.80625,82.14375,2024-07-21,1943.5208,1.3,1937.0725,-6.4483,NORMAL
hybas_4120866980,26.80625,82.14375,2024-07-22,1937.0725,10.0,1955.0734,18.0009,NORMAL
hybas_4120866980,26.80625,82.14375,2024-07-23,1955.0734,1.7,1952.8692,-2.2042,NORMAL
hybas_4120866980,26.80625,82.14375,2024-07-24,1952.8692,1.5,1951.1379,-1.7312,NORMAL
hybas_4120866980,26.80625,82.14375,2024-07-25,1951.1379,10.1,1967.9905,16.8525,NORMAL
hybas_4120866980,26.80625,82.14375,2024-07-26,1967.9905,7.8,1965.0617,-2.9288,NORMAL
hybas_4120866980,26.80625,82.14375,2024-07-27,1965.0617,11.5,1984.0599,18.9982,NORMAL
hybas_4120866980,26.80625,82.14375,2024-07-28,1984.0599,0.4,1981.0952,-2.9648,NORMAL
hybas_4120866980,26.80625,82.14375,2024-07-29,1981.0952,0.4,1978.4402,-2.655,NORMAL
hybas_4120866980,26.80625,82.14375,2024-07-30,1978.4402,12.1,1995.6833,17.2431,NORMAL
hybas_4120866980,26.80625,82.14375,2024-07-31,1995.6833,8.2,1994.2498,-1.4335,NORMAL
hybas_4120888940,26.13125,83.89375,2024-07-02,1591.0625,37.7,1639.074,48.0115,NORMAL
hybas_4120888940,26.13125,83.89375,2024-07-03,1639.074,59.5,1767.8307,128.7568,NORMAL
hybas_4120888940,26.13125,83.89375,2024-07-04,1767.8307,14.4,1847.9656,80.1349,NORMAL
hybas_4120888940,26.13125,83.89375,2024-07-05,1847.9656,34.6,2005.8987,157.9331,NORMAL
hybas_4120888940,26.13125,83.89375,2024-07-06,2005.8987,31.6,2142.1249,136.2262,NORMAL
hybas_4120888940,26.13125,83.89375,2024-07-07,2142.1249,11.1,2169.9418,27.8169,NORMAL
hybas_4120888940,26.13125,83.89375,2024-07-08,2169.9418,8.0,2146.7398,-23.2019,NORMAL
hybas_4120888940,26.13125,83.89375,2024-07-09,2146.7398,20.7,2191.0773,44.3374,NORMAL
hybas_4120888940,26.13125,83.89375,2024-07-10,2191.0773,15.8,2192.7252,1.6479,NORMAL
hybas_4120888940,26.13125,83.89375,2024-07-11,2192.7252,33.4,2165.8735,-26.8516,NORMAL
hybas_4120888940,26.13125,83.89375,2024-07-12,2165.8735,5.4,2097.8531,-68.0205,NORMAL
hybas_4120888940,26.13125,83.89375,2024-07-13,2097.8531,3.7,2017.6103,-80.2428,NORMAL
hybas_4120888940,26.13125,83.89375,2024-07-14,2017.6103,10.6,1942.8196,-74.7907,NORMAL
hybas_4120888940,26.13125,83.89375,2024-07-15,1942.8196,0.6,1920.1703,-22.6493,NORMAL
hybas_4120888940,26.13125,83.89375,2024-07-16,1920.1703,0.3,1923.8044,3.6341,NORMAL
hybas_4120888940,26.13125,83.89375,2024-07-17,1923.8044,0.8,1915.0653,-8.7392,NORMAL
hybas_4120888940,26.13125,83.89375,2024-07-18,1915.0653,0.9,1913.2174,-1.8478,NORMAL
hybas_4120888940,26.13125,83.89375,2024-07-19,1913.2174,3.8,1912.3044,-0.913,NORMAL
hybas_4120888940,26.13125,83.89375,2024-07-20,1912.3044,0.1,1909.855,-2.4495,NORMAL
hybas_4120888940,26.13125,83.89375,2024-07-21,1909.855,0.8,1911.1884,1.3334,NORMAL
hybas_4120888940,26.13125,83.89375,2024-07-22,1911.1884,1.7,1912.297,1.1086,NORMAL
hybas_4120888940,26.13125,83.89375,2024-07-23,1912.297,4.8,1912.6412,0.3443,NORMAL
hybas_4120888940,26.13125,83.89375,2024-07-24,1912.6412,2.0,1913.0109,0.3697,NORMAL
hybas_4120888940,26.13125,83.89375,2024-07-25,1913.0109,2.7,1914.5535,1.5426,NORMAL
hybas_4120888940,26.13125,83.89375,2024-07-26,1914.5535,1.1,1914.5751,0.0216,NORMAL
hybas_4120888940,26.13125,83.89375,2024-07-27,1914.5751,0.0,1912.8637,-1.7114,NORMAL
hybas_4120888940,26.13125,83.89375,2024-07-28,1912.8637,1.1,1914.0126,1.149,NORMAL
hybas_4120888940,26.13125,83.89375,2024-07-29,1914.0126,0.4,1913.7882,-0.2244,NORMAL
hybas_4120888940,26.13125,83.89375,2024-07-30,1913.7882,3.6,1915.4671,1.6789,NORMAL
hybas_4120888940,26.13125,83.89375,2024-07-31,1915.4671,11.5,1914.0496,-1.4175,NORMAL
hybas_4121471420,27.385417,82.34375,2024-07-02,24.7344,17.0,215.5728,190.8384,NORMAL
hybas_4121471420,27.385417,82.34375,2024-07-03,215.5728,31.4,332.359,116.7862,NORMAL
hybas_4121471420,27.385417,82.34375,2024-07-04,332.359,16.3,417.7229,85.3639,NORMAL
hybas_4121471420,27.385417,82.34375,2024-07-05,417.7229,25.4,503.5419,85.8191,NORMAL
hybas_4121471420,27.385417,82.34375,2024-07-06,503.5419,29.2,539.5604,36.0185,NORMAL
hybas_4121471420,27.385417,82.34375,2024-07-07,539.5604,76.1,588.2026,48.6422,NORMAL
hybas_4121471420,27.385417,82.34375,2024-07-08,588.2026,0.9,567.7345,-20.4682,NORMAL
hybas_4121471420,27.385417,82.34375,2024-07-09,567.7345,5.2,536.5372,-31.1973,NORMAL
hybas_4121471420,27.385417,82.34375,2024-07-10,536.5372,5.3,471.4115,-65.1257,NORMAL
hybas_4121471420,27.385417,82.34375,2024-07-11,471.4115,18.9,416.9322,-54.4793,NORMAL
hybas_4121471420,27.385417,82.34375,2024-07-12,416.9322,31.5,381.8808,-35.0513,NORMAL
hybas_4121471420,27.385417,82.34375,2024-07-13,381.8808,22.1,367.0398,-14.841,NORMAL
hybas_4121471420,27.385417,82.34375,2024-07-14,367.0398,11.4,332.0807,-34.9591,NORMAL
hybas_4121471420,27.385417,82.34375,2024-07-15,332.0807,12.1,300.917,-31.1637,NORMAL
hybas_4121471420,27.385417,82.34375,2024-07-16,300.917,2.8,233.6784,-67.2386,NORMAL
hybas_4121471420,27.385417,82.34375,2024-07-17,233.6784,4.4,156.8703,-76.8081,NORMAL
hybas_4121471420,27.385417,82.34375,2024-07-18,156.8703,27.2,109.121,-47.7494,NORMAL
hybas_4121471420,27.385417,82.34375,2024-07-19,109.121,15.8,45.6673,-63.4537,NORMAL
hybas_4121471420,27.385417,82.34375,2024-07-20,45.6673,0.5,-25.8426,-71.5099,NORMAL
hybas_4121471420,27.385417,82.34375,2024-07-21,-25.8426,2.3,-86.6158,-60.7732,NORMAL
hybas_4121471420,27.385417,82.34375,2024-07-22,-86.6158,2.9,-121.4652,-34.8494,NORMAL
hybas_4121471420,27.385417,82.34375,2024-07-23,-121.4652,5.0,-143.0843,-21.6192,NORMAL
hybas_4121471420,27.385417,82.34375,2024-07-24,-143.0843,4.3,-165.3718,-22.2875,NORMAL
hybas_4121471420,27.385417,82.34375,2024-07-25,-165.3718,6.1,-178.9859,-13.6141,NORMAL
hybas_4121471420,27.385417,82.34375,2024-07-26,-178.9859,9.0,-189.5537,-10.5677,NORMAL
hybas_4121471420,27.385417,82.34375,2024-07-27,-189.5537,10.6,-170.2043,19.3493,NORMAL
hybas_4121471420,27.385417,82.34375,2024-07-28,-170.2043,0.4,-186.0663,-15.8619,NORMAL
hybas_4121471420,27.385417,82.34375,2024-07-29,-186.0663,1.7,-192.5327,-6.4664,NORMAL
hybas_4121471420,27.385417,82.34375,2024-07-30,-192.5327,9.5,-193.2155,-0.6828,NORMAL
hybas_4121471420,27.385417,82.34375,2024-07-31,-193.2155,17.9,-175.8217,17.3939,NORMAL
hybas_4120856800,27.152083,83.027083,2024-07-02,0.125,13.3,126.032,125.907,NORMAL
hybas_4120856800,27.152083,83.027083,2024-07-03,126.032,62.3,1201.5417,1075.5097,NORMAL
hybas_4120856800,27.152083,83.027083,2024-07-04,1201.5417,19.1,1288.3988,86.8571,NORMAL
hybas_4120856800,27.152083,83.027083,2024-07-05,1288.3988,16.5,1359.6578,71.2591,WATCH
hybas_4120856800,27.152083,83.027083,2024-07-06,1359.6578,39.1,1394.6701,35.0123,WATCH
hybas_4120856800,27.152083,83.027083,2024-07-07,1394.6701,48.5,1431.6882,37.0181,WATCH
hybas_4120856800,27.152083,83.027083,2024-07-08,1431.6882,7.7,1427.1562,-4.5319,WATCH
hybas_4120856800,27.152083,83.027083,2024-07-09,1427.1562,11.6,1418.1833,-8.9729,WATCH
hybas_4120856800,27.152083,83.027083,2024-07-10,1418.1833,23.1,1422.7705,4.5872,WATCH
hybas_4120856800,27.152083,83.027083,2024-07-11,1422.7705,46.5,1465.1506,42.3801,WATCH
hybas_4120856800,27.152083,83.027083,2024-07-12,1465.1506,16.2,1485.8081,20.6574,WATCH
hybas_4120856800,27.152083,83.027083,2024-07-13,1485.8081,18.5,1476.8568,-8.9512,WATCH
hybas_4120856800,27.152083,83.027083,2024-07-14,1476.8568,27.9,1508.9057,32.0489,WATCH
hybas_4120856800,27.152083,83.027083,2024-07-15,1508.9057,22.4,1556.4736,47.5679,WATCH
hybas_4120856800,27.152083,83.027083,2024-07-16,1556.4736,0.3,1534.4456,-22.028,WATCH
hybas_4120856800,27.152083,83.027083,2024-07-17,1534.4456,5.7,1506.319,-28.1266,WATCH
hybas_4120856800,27.152083,83.027083,2024-07-18,1506.319,11.2,1491.6301,-14.6888,WATCH
hybas_4120856800,27.152083,83.027083,2024-07-19,1491.6301,33.5,1488.0738,-3.5563,WATCH
hybas_4120856800,27.152083,83.027083,2024-07-20,1488.0738,0.9,1463.7749,-24.2989,WATCH
hybas_4120856800,27.152083,83.027083,2024-07-21,1463.7749,0.6,1438.4761,-25.2988,WATCH
hybas_4120856800,27.152083,83.027083,2024-07-22,1438.4761,1.7,1428.4108,-10.0653,WATCH
hybas_4120856800,27.152083,83.027083,2024-07-23,1428.4108,2.9,1419.8132,-8.5977,WATCH
hybas_4120856800,27.152083,83.027083,2024-07-24,1419.8132,4.5,1410.163,-9.6502,WATCH
hybas_4120856800,27.152083,83.027083,2024-07-25,1410.163,3.2,1401.7292,-8.4338,WATCH
hybas_4120856800,27.152083,83.027083,2024-07-26,1401.7292,1.4,1394.6051,-7.1241,WATCH
hybas_4120856800,27.152083,83.027083,2024-07-27,1394.6051,2.5,1388.7757,-5.8294,WATCH
hybas_4120856800,27.152083,83.027083,2024-07-28,1388.7757,0.2,1381.3719,-7.4039,WATCH
hybas_4120856800,27.152083,83.027083,2024-07-29,1381.3719,0.5,1374.9047,-6.4672,WATCH
hybas_4120856800,27.152083,83.027083,2024-07-30,1374.9047,12.8,1370.4351,-4.4696,WATCH
hybas_4120856800,27.152083,83.027083,2024-07-31,1370.4351,9.6,1362.545,-7.89,WATCH
hybas_4120868460,26.760417,83.33125,2024-07-02,20.7969,25.7,194.2439,173.447,NORMAL
hybas_4120868460,26.760417,83.33125,2024-07-03,194.2439,126.7,364.8522,170.6082,NORMAL
hybas_4120868460,26.760417,83.33125,2024-07-04,364.8522,32.8,485.8337,120.9815,WATCH
hybas_4120868460,26.760417,83.33125,2024-07-05,485.8337,11.4,472.6584,-13.1753,WATCH
hybas_4120868460,26.760417,83.33125,2024-07-06,472.6584,25.8,460.4429,-12.2155,WATCH
hybas_4120868460,26.760417,83.33125,2024-07-07,460.4429,51.1,481.7526,21.3097,WATCH
hybas_4120868460,26.760417,83.33125,2024-07-08,481.7526,13.2,472.7639,-8.9887,WATCH
hybas_4120868460,26.760417,83.33125,2024-07-09,472.7639,1.2,454.4328,-18.3311,WATCH
hybas_4120868460,26.760417,83.33125,2024-07-10,454.4328,15.0,446.0531,-8.3797,WATCH
hybas_4120868460,26.760417,83.33125,2024-07-11,446.0531,42.6,451.9741,5.921,WATCH
hybas_4120868460,26.760417,83.33125,2024-07-12,451.9741,19.4,448.9983,-2.9758,WATCH
hybas_4120868460,26.760417,83.33125,2024-07-13,448.9983,2.3,424.6725,-24.3258,WATCH
hybas_4120868460,26.760417,83.33125,2024-07-14,424.6725,8.5,387.5047,-37.1678,WATCH
hybas_4120868460,26.760417,83.33125,2024-07-15,387.5047,5.6,360.2412,-27.2635,NORMAL
hybas_4120868460,26.760417,83.33125,2024-07-16,360.2412,0.3,368.4845,8.2434,NORMAL
hybas_4120868460,26.760417,83.33125,2024-07-17,368.4845,2.1,386.3769,17.8924,WATCH
hybas_4120868460,26.760417,83.33125,2024-07-18,386.3769,7.7,372.9691,-13.4078,WATCH
hybas_4120868460,26.760417,83.33125,2024-07-19,372.9691,11.9,363.3326,-9.6365,NORMAL
hybas_4120868460,26.760417,83.33125,2024-07-20,363.3326,0.5,354.6658,-8.6668,NORMAL
hybas_4120868460,26.760417,83.33125,2024-07-21,354.6658,0.7,348.7171,-5.9487,NORMAL
hybas_4120868460,26.760417,83.33125,2024-07-22,348.7171,2.6,346.3865,-2.3306,NORMAL
hybas_4120868460,26.760417,83.33125,2024-07-23,346.3865,1.2,343.4715,-2.915,NORMAL
hybas_4120868460,26.760417,83.33125,2024-07-24,343.4715,1.2,340.9459,-2.5257,NORMAL
hybas_4120868460,26.760417,83.33125,2024-07-25,340.9459,1.8,339.9214,-1.0245,NORMAL
hybas_4120868460,26.760417,83.33125,2024-07-26,339.9214,1.6,338.5611,-1.3603,NORMAL
hybas_4120868460,26.760417,83.33125,2024-07-27,338.5611,2.9,337.9174,-0.6437,NORMAL
hybas_4120868460,26.760417,83.33125,2024-07-28,337.9174,0.4,335.5586,-2.3587,NORMAL
hybas_4120868460,26.760417,83.33125,2024-07-29,335.5586,0.5,334.5194,-1.0392,NORMAL
hybas_4120868460,26.760417,83.33125,2024-07-30,334.5194,22.4,350.5647,16.0453,NORMAL
hybas_4120868460,26.760417,83.33125,2024-07-31,350.5647,12.5,362.6225,12.0579,NORMAL
hybas_4120834310,27.839583,81.822917,2024-07-02,20.3906,22.3,39.5506,19.1599,NORMAL
hybas_4120834310,27.839583,81.822917,2024-07-03,39.5506,118.7,30.4597,-9.0909,NORMAL
hybas_4120834310,27.839583,81.822917,2024-07-04,30.4597,16.1,79.2937,48.834,NORMAL
hybas_4120834310,27.839583,81.822917,2024-07-05,79.2937,62.0,197.9176,118.624,NORMAL
hybas_4120834310,27.839583,81.822917,2024-07-06,197.9176,39.2,277.7017,79.7841,NORMAL
hybas_4120834310,27.839583,81.822917,2024-07-07,277.7017,76.3,346.9878,69.2861,NORMAL
hybas_4120834310,27.839583,81.822917,2024-07-08,346.9878,0.0,266.1174,-80.8703,NORMAL
hybas_4120834310,27.839583,81.822917,2024-07-09,266.1174,3.3,199.0711,-67.0463,NORMAL
hybas_4120834310,27.839583,81.822917,2024-07-10,199.0711,13.9,146.2675,-52.8036,NORMAL
hybas_4120834310,27.839583,81.822917,2024-07-11,146.2675,30.2,106.5636,-39.7039,NORMAL
hybas_4120834310,27.839583,81.822917,2024-07-12,106.5636,22.3,74.7233,-31.8403,NORMAL
hybas_4120834310,27.839583,81.822917,2024-07-13,74.7233,3.8,31.0774,-43.6459,NORMAL
hybas_4120834310,27.839583,81.822917,2024-07-14,31.0774,2.4,1.2996,-29.7778,NORMAL
hybas_4120834310,27.839583,81.822917,2024-07-15,1.2996,11.4,-5.6829,-6.9825,NORMAL
hybas_4120834310,27.839583,81.822917,2024-07-16,-5.6829,0.3,-12.4197,-6.7368,NORMAL
hybas_4120834310,27.839583,81.822917,2024-07-17,-12.4197,1.6,-13.5408,-1.1211,NORMAL
hybas_4120834310,27.839583,81.822917,2024-07-18,-13.5408,2.6,-14.9834,-1.4426,NORMAL
hybas_4120834310,27.839583,81.822917,2024-07-19,-14.9834,36.9,5.3429,20.3263,NORMAL
hybas_4120834310,27.839583,81.822917,2024-07-20,5.3429,0.1,2.2479,-3.095,NORMAL
hybas_4120834310,27.839583,81.822917,2024-07-21,2.2479,0.4,1.5098,-0.7381,NORMAL
hybas_4120834310,27.839583,81.822917,2024-07-22,1.5098,0.4,0.3517,-1.1582,NORMAL
hybas_4120834310,27.839583,81.822917,2024-07-23,0.3517,2.9,-0.3396,-0.6912,NORMAL
hybas_4120834310,27.839583,81.822917,2024-07-24,-0.3396,10.6,-4.1264,-3.7868,NORMAL
hybas_4120834310,27.839583,81.822917,2024-07-25,-4.1264,6.2,5.9481,10.0744,NORMAL
hybas_4120834310,27.839583,81.822917,2024-07-26,5.9481,15.3,23.658,17.71,NORMAL
hybas_4120834310,27.839583,81.822917,2024-07-27,23.658,2.3,27.0871,3.4291,NORMAL
hybas_4120834310,27.839583,81.822917,2024-07-28,27.0871,1.2,27.1071,0.02,NORMAL
hybas_4120834310,27.839583,81.822917,2024-07-29,27.1071,0.1,25.0223,-2.0848,NORMAL
hybas_4120834310,27.839583,81.822917,2024-07-30,25.0223,1.6,25.6153,0.593,NORMAL
hybas_4120834310,27.839583,81.822917,2024-07-31,25.6153,17.8,44.4317,18.8164,NORMAL
