Unnamed: 0.1,Unnamed: 0,gauge_id,slp_dg,slp_dg_uav,for_pc,urb_pc,attenuation_factor,flow_velocity_km_per_day,upstream_lag1_days,upstream_lag2_days,rp_2,rp_5,rp_15,rp_20,latitude,longitude,UP_AREA,DIST_SINK
0.0,0.0,hybas_4120789590,0.0,132.0,0.0,3.0,0.126844,33.25464,1.0,1.0,722.9972072796272,972.5654158786668,1213.0243284165524,1271.2098861480183,29.252083,78.66875,5040.0,2064.8
1.0,1.0,hybas_4120790870,2.0,221.0,0.0,4.0,0.12493,104.748399,1.0,1.0,3712.380289282475,4203.482912141279,4652.042997609159,4758.286081604497,29.214583,78.097917,27374.7,2080.0
2.0,2.0,hybas_4120792550,0.0,126.0,0.0,4.0,0.128311,33.25464,1.0,1.0,753.317505667769,1002.7898391016352,1235.7063328667746,1291.0143105397651,29.16875,78.68125,5309.9,2053.3
3.0,3.0,hybas_4120792960,0.0,216.0,0.0,4.0,0.125946,31.671086,1.0,1.0,3681.162247881366,4173.764105201835,4610.160216818307,4711.768910637389,29.15625,78.077083,27888.7,2071.9
4.0,4.0,hybas_4120794740,1.0,158.0,0.0,9.0,0.086397,78.704695,1.0,1.0,2141.94449989258,2700.805879308838,3184.152756290675,3294.155687796134,29.102083,77.139583,16765.6,2448.8
5.0,5.0,hybas_4120797070,1.0,214.0,0.0,4.0,0.128478,82.847047,1.0,1.0,3660.204129850712,4152.234899851304,4572.249843739728,4667.978212409859,29.03125,78.077083,28251.5,2052.0
6.0,6.0,hybas_4120799420,1.0,152.0,0.0,10.0,0.088151,78.704695,1.0,1.0,2032.921600516399,2571.450733221747,3022.158037415638,3122.530613134224,28.960417,77.197917,17463.6,2428.7
7.0,7.0,hybas_4120801290,1.0,211.0,0.0,4.0,0.130811,82.847047,1.0,1.0,3661.739097010193,4161.184908412579,4582.205603190516,4677.4485335818335,28.90625,78.102083,28628.8,2034.0
8.0,8.0,hybas_4120802470,1.0,113.0,0.0,5.0,0.133534,86.989399,1.0,1.0,750.3652805550063,1011.0794457212928,1258.1213185511851,1317.2576276737752,28.86875,78.772917,5955.6,2013.4
9.0,9.0,hybas_4120802730,1.0,150.0,0.0,11.0,0.089349,78.704695,1.0,1.0,1989.3513115036867,2502.221032476687,2933.2088535576218,3029.521301922254,28.860417,77.214583,17781.4,2415.2
10.0,10.0,hybas_4120804940,0.0,144.0,0.0,14.0,0.135322,34.838194,1.0,1.0,634.0151900441181,897.221519045602,1191.9545010477682,1269.8906138689592,28.79375,78.989583,2545.6,2000.1
11.0,11.0,hybas_4120805570,2.0,250.0,1.0,2.0,0.197721,109.985819,1.0,1.0,3454.6080926093223,4096.139672624587,4762.934708722517,4932.416099551272,28.777083,80.122917,15846.8,1620.9
12.0,12.0,hybas_4120806050,1.0,99.0,0.0,6.0,0.135457,86.989399,1.0,1.0,793.9393314923663,1076.68832429239,1340.47654631472,1402.9433667498702,28.764583,78.839583,6914.0,1999.1
13.0,13.0,hybas_4120806240,1.0,124.0,0.0,15.0,0.1363,91.131752,1.0,1.0,579.8637131334657,857.5604091028886,1159.2259357918472,1237.2119831943417,28.760417,78.947917,2973.2,1992.9
14.0,14.0,hybas_4120807330,1.0,247.0,4.0,2.0,0.199528,86.989399,1.0,1.0,3495.2994837292854,4137.184299138645,4796.273717427974,4962.705511783195,28.727083,80.185417,16028.1,1611.8
15.0,15.0,hybas_4120808810,0.0,77.0,0.0,7.0,0.137738,33.25464,1.0,1.0,742.1336886696381,987.6016326931816,1190.591471428245,1235.0746548401364,28.677083,78.947917,8872.8,1982.4
16.0,16.0,hybas_4120808990,0.0,115.0,0.0,15.0,0.137738,34.838194,1.0,1.0,570.4233612611409,794.046893024491,1020.5723127091626,1076.9471266523726,28.672917,78.952083,3200.9,1982.4
17.0,17.0,hybas_4120809150,0.0,87.0,0.0,9.0,0.137862,33.25464,1.0,1.0,1298.6757463623114,1737.941643313492,2139.0607798557194,2232.8965725204544,28.66875,78.947917,12074.4,1981.5
18.0,18.0,hybas_4120813270,1.0,206.0,0.0,4.0,0.137312,82.847047,1.0,1.0,3672.345710241578,4184.348492120284,4605.84731721036,4699.842461621397,28.539583,78.20625,29245.0,1985.5
19.0,19.0,hybas_4120814570,0.0,46.0,0.0,23.0,0.143992,34.838194,1.0,1.0,501.1592002680183,719.179273768731,937.5811641234744,991.3594191579688,28.497917,79.264583,4322.4,1938.0
20.0,20.0,hybas_4120815080,1.0,84.0,0.0,9.0,0.143302,86.989399,1.0,1.0,1171.966052811183,1528.3633465996716,1804.6488180272768,1862.7622849413888,28.48125,79.16875,12611.0,1942.8
21.0,21.0,hybas_4120816480,5.0,75.0,0.0,15.0,0.095675,140.898234,1.0,1.0,1334.6890360110551,1783.465805930068,2146.970369642313,2225.439198015353,28.43125,77.45625,37587.1,2346.8
22.0,22.0,hybas_4120816920,0.0,42.0,0.0,21.0,0.14557,34.838194,1.0,1.0,579.4089513574595,841.6342182733683,1114.2993942616176,1182.9775690977508,28.414583,79.264583,5103.3,1927.1
23.0,23.0,hybas_4120817040,0.0,81.0,0.0,10.0,0.145584,33.25464,1.0,1.0,1193.2128029778771,1563.22062507653,1856.0249627701808,1918.4490438797309,28.410417,79.264583,12966.9,1927.0
24.0,24.0,hybas_4120818090,1.0,65.0,0.0,15.0,0.096888,78.704695,1.0,1.0,1574.0608705630236,2060.086550596141,2430.7383161945345,2507.7506415166654,28.377083,77.489583,43616.2,2334.2
25.0,25.0,hybas_4120818110,1.0,69.0,0.0,13.0,0.147195,86.989399,1.0,1.0,1681.6082158409056,2197.797151478966,2602.6327824623067,2688.443096988977,28.377083,79.347917,18469.7,1916.0
26.0,26.0,hybas_4120818320,0.0,70.0,0.0,13.0,0.147033,33.25464,1.0,1.0,1667.1784776691952,2188.363482544935,2602.328608060663,2690.77823616781,28.372917,79.339583,18113.1,1917.1
27.0,27.0,hybas_4120820970,1.0,45.0,7.0,30.0,0.229489,86.989399,1.0,1.0,525.197968426622,678.524963230349,807.9901763539425,836.9017410034455,28.289583,81.08125,3133.5,1471.9
28.0,28.0,hybas_4120820980,5.0,258.0,35.0,1.0,0.229489,148.313931,1.0,1.0,5610.386836938948,6562.904237554441,7388.951344709997,7578.627336818184,28.289583,81.089583,46261.9,1471.9
29.0,29.0,hybas_4120821760,3.0,244.0,0.0,2.0,0.230317,121.570982,1.0,1.0,6140.438606885455,7161.93481283714,8002.689086641802,8189.76473856658,28.264583,81.072917,49410.5,1468.3
30.0,30.0,hybas_4120822480,3.0,243.0,0.0,2.0,0.230824,121.570982,1.0,1.0,6173.936879729518,7191.311624059926,8028.405876276186,8214.654851722806,28.247917,81.064583,49624.3,1466.1
31.0,31.0,hybas_4120822760,1.0,226.0,0.0,3.0,0.221109,86.989399,1.0,1.0,3905.8787851423554,4559.111815857962,5193.758683356103,5349.261755685948,28.239583,80.714583,17556.0,1509.1
32.0,32.0,hybas_4120822850,0.0,68.0,0.0,14.0,0.150424,33.25464,1.0,1.0,1697.3578095341652,2229.695292663105,2656.511955525325,2748.2899532123115,28.235417,79.410417,18805.4,1894.3
33.0,33.0,hybas_4120825510,0.0,66.0,0.0,14.0,0.152834,33.25464,1.0,1.0,1687.3845085356234,2204.564607492988,2613.498904919967,2700.6767750791864,28.152083,79.464583,19097.5,1878.4
34.0,34.0,hybas_4120828050,1.0,234.0,3.0,3.0,0.237141,82.847047,1.0,1.0,6465.890918969941,7482.226311019681,8303.516400920871,8484.340840818832,28.064583,81.172917,51930.7,1439.1
35.0,35.0,hybas_4120828180,0.0,220.0,0.0,3.0,0.230616,33.25464,1.0,1.0,3927.687179138002,4600.78452771775,5257.942824038389,5419.397395675316,28.060417,80.997917,18092.5,1467.0
36.0,36.0,hybas_4120828430,2.0,130.0,13.0,7.0,0.235699,109.985819,1.0,1.0,630.5047670276714,828.893897879119,1030.42697486774,1080.909801397941,28.052083,81.414583,3529.4,1445.2
37.0,37.0,hybas_4120828770,0.0,121.0,0.0,9.0,0.236218,33.25464,1.0,1.0,616.344991499652,792.6604713665205,969.1240037173652,1012.9926717847248,28.039583,81.43125,3788.3,1443.0
38.0,38.0,hybas_4120829610,1.0,115.0,3.0,9.0,0.237331,86.989399,1.0,1.0,643.6754634336037,838.2400826355082,1038.503481998899,1089.0896631660253,28.010417,81.439583,4049.9,1438.3
39.0,39.0,hybas_4120829920,1.0,66.0,0.0,14.0,0.157883,86.989399,1.0,1.0,1695.685007682776,2213.7215457264306,2622.152175137243,2709.0608213299843,28.002083,79.472917,19348.8,1845.9
40.0,40.0,hybas_4120830340,0.0,28.0,0.0,5.0,0.161589,33.25464,1.0,1.0,361.8956650055886,522.2343815216593,696.0011655836157,740.9650301048033,27.985417,79.822917,3237.7,1822.7
41.0,41.0,hybas_4120831070,1.0,102.0,11.0,12.0,0.238855,86.989399,1.0,1.0,722.3819630081754,935.9126272683048,1135.5164293553387,1183.0887061747003,27.960417,81.427083,4735.1,1431.9
42.0,42.0,hybas_4120831410,0.0,216.0,0.0,3.0,0.233938,33.25464,1.0,1.0,3904.250849589944,4572.2517774366615,5222.646123655054,5382.1987026964825,27.947917,80.985417,18403.6,1452.7
43.0,43.0,hybas_4120831810,0.0,197.0,0.0,5.0,0.15377,31.671086,1.0,1.0,3518.136752394417,4039.504035927768,4487.680173531794,4590.17582616541,27.93125,78.852083,30619.5,1872.3
44.0,44.0,hybas_4120831930,0.0,64.0,0.0,14.0,0.159693,33.25464,1.0,1.0,1686.8964145039024,2202.0838889097936,2609.7718810156657,2696.746376283545,27.927083,79.422917,19661.3,1834.5
45.0,45.0,hybas_4120832490,1.0,64.0,0.0,15.0,0.104204,78.704695,1.0,1.0,1587.3885158996154,2081.3375226668954,2460.71076298725,2539.901832091742,27.897917,77.527083,44578.2,2261.4
46.0,46.0,hybas_4120833210,0.0,231.0,0.0,3.0,0.243315,31.671086,1.0,1.0,6532.213430689182,7568.608963576804,8410.135077330688,8595.94206071278,27.872917,81.26875,52478.3,1413.4
47.0,47.0,hybas_4120833920,0.0,181.0,0.0,5.0,0.156234,31.671086,1.0,1.0,3625.9504947292207,4132.76280816719,4498.967472310433,4574.1662597487,27.847917,78.952083,33333.2,1856.4
48.0,48.0,hybas_4120834290,1.0,26.0,1.0,5.0,0.165167,86.989399,1.0,1.0,370.6948709409618,539.6677871966709,723.9596522452422,771.7982544466136,27.839583,79.90625,3565.1,1800.8
49.0,49.0,hybas_4120834310,10.0,174.0,28.0,4.0,0.240004,200.0,1.0,1.0,1228.6822334089356,1504.9050240706738,1774.6055265075483,1840.831240760396,27.839583,81.822917,6571.3,1427.1
50.0,50.0,hybas_4120835230,1.0,63.0,0.0,15.0,0.107851,78.704695,1.0,1.0,1601.076056017851,2099.235424302899,2479.2400286702705,2558.180990797749,27.810417,77.689583,45070.7,2227.0
51.0,51.0,hybas_4120835250,0.0,179.0,0.0,5.0,0.160093,31.671086,1.0,1.0,3609.72055528334,4101.544554790593,4429.714733113664,4493.59438747888,27.810417,79.152083,33762.9,1832.0
52.0,52.0,hybas_4120836020,0.0,206.0,0.0,5.0,0.244094,33.25464,1.0,1.0,3914.004727879656,4618.073978229985,5304.217402903106,5472.627468181575,27.789583,81.164583,19269.7,1410.2
53.0,53.0,hybas_4120836030,0.0,163.0,0.0,4.0,0.241956,33.25464,1.0,1.0,1257.784916187084,1554.2446404216512,1833.8303282300503,1901.0770239046285,27.789583,81.78125,7052.5,1419.0
54.0,54.0,hybas_4120839390,1.0,19.0,0.0,6.0,0.169145,86.989399,1.0,1.0,457.2103724901904,652.7531530828744,859.1389826055453,911.7165167546084,27.702083,79.885417,4911.2,1777.0
55.0,55.0,hybas_4120839770,0.0,58.0,0.0,13.0,0.166277,33.25464,1.0,1.0,1685.0455067863854,2197.5730865235155,2600.6082783477736,2686.230271073704,27.689583,79.597917,22100.3,1794.1
56.0,56.0,hybas_4120839990,1.0,230.0,0.0,3.0,0.24915,82.847047,1.0,1.0,6610.254983976393,7663.193738405391,8519.717710685545,8709.039955152924,27.685417,81.277083,52899.9,1389.7
57.0,57.0,hybas_4120840120,0.0,204.0,0.0,5.0,0.249175,33.25464,1.0,1.0,3887.2580983390335,4602.97781347287,5292.635295183948,5460.843811179278,27.68125,81.272917,19506.7,1389.6
58.0,58.0,hybas_4120840260,1.0,95.0,1.0,12.0,0.249275,86.989399,1.0,1.0,752.7398111553007,966.6945472382858,1152.740282190564,1195.1305091613203,27.677083,81.28125,5055.5,1389.2
59.0,59.0,hybas_4120840940,0.0,174.0,0.0,5.0,0.165663,31.671086,1.0,1.0,3609.694492794616,4096.959702143853,4397.205565207907,4452.443136859833,27.652083,79.34375,34777.3,1797.8
60.0,60.0,hybas_4120841490,0.0,154.0,0.0,4.0,0.248677,33.25464,1.0,1.0,1232.0505305411252,1531.0712529485622,1811.872559002634,1879.216089563977,27.63125,81.860417,7475.6,1391.6
61.0,61.0,hybas_4120842230,2.0,61.0,0.0,15.0,0.11166,99.510979,1.0,1.0,1610.3408322788912,2119.1648567393536,2517.640681865076,2601.9044830274074,27.602083,77.68125,46164.2,2192.3
62.0,62.0,hybas_4120842800,0.0,148.0,0.0,4.0,0.252562,33.25464,1.0,1.0,1231.7960570122266,1540.4646741920888,1834.2410435388813,1905.235116999912,27.577083,81.964583,7809.8,1376.1
63.0,63.0,hybas_4120844080,1.0,169.0,0.0,5.0,0.170742,82.847047,1.0,1.0,3655.094545242017,4144.493074316772,4431.781286372057,4482.790041235622,27.539583,79.539583,35691.9,1767.6
64.0,64.0,hybas_4120845070,1.0,155.0,0.0,6.0,0.171821,82.847047,1.0,1.0,3796.700939613379,4249.639432256117,4446.125902718451,4473.643009396948,27.502083,79.577083,38919.2,1761.3
65.0,65.0,hybas_4120845160,1.0,17.0,0.0,6.0,0.174593,86.989399,1.0,1.0,475.6837320218753,679.3087092829976,895.0215242000395,950.101854727676,27.497917,79.897917,5513.8,1745.3
66.0,66.0,hybas_4120845220,0.0,52.0,0.0,12.0,0.172096,33.25464,1.0,1.0,1775.1001334309549,2332.5749044656336,2785.345073372883,2883.5659433794544,27.49375,79.70625,24541.6,1759.7
67.0,67.0,hybas_4120846880,0.0,155.0,0.0,6.0,0.173288,31.671086,1.0,1.0,3830.8108808216575,4279.260896357069,4460.230687629056,4484.078614022162,27.44375,79.614583,39104.1,1752.8
68.0,68.0,hybas_4120846890,0.0,140.0,0.0,4.0,0.263369,33.25464,1.0,1.0,1218.1432398808408,1524.753733776039,1808.6822403612257,1876.1671644757616,27.44375,82.227083,8249.2,1334.2
69.0,69.0,hybas_4120847290,3.0,61.0,0.0,15.0,0.114612,115.492433,1.0,1.0,1617.9810525220412,2129.139810226239,2529.7541155012145,2614.516716419585,27.43125,77.714583,46703.9,2166.2
70.0,70.0,hybas_4120848560,0.0,213.0,0.0,4.0,0.259889,31.671086,1.0,1.0,10332.316882036395,12128.72088505521,13779.954611726773,14172.157568231734,27.389583,81.402083,77911.4,1347.5
71.0,71.0,hybas_4120850350,1.0,16.0,0.0,6.0,0.178351,86.989399,1.0,1.0,487.8484199659454,693.7399015290337,909.6119200112796,964.3981183540044,27.339583,79.947917,5774.4,1724.0
72.0,72.0,hybas_4120852030,1.0,153.0,1.0,6.0,0.176753,82.847047,1.0,1.0,3855.126053764767,4297.977928747777,4470.888178464184,4493.04997923934,27.29375,79.647917,39394.9,1733.0
73.0,73.0,hybas_4120853790,5.0,234.0,16.0,4.0,0.337362,148.313931,1.0,1.0,6839.4632124629525,7627.051255555339,8304.506150780617,8459.70578353653,27.24375,83.86875,36690.9,1086.6
74.0,74.0,hybas_4120855310,5.0,60.0,0.0,16.0,0.126793,140.898234,1.0,1.0,1630.665494749819,2156.442764450848,2578.144523386677,2668.732036370235,27.197917,78.077083,47636.5,2065.2
75.0,75.0,hybas_4120855330,1.0,126.0,0.0,4.0,0.29133,86.989399,1.0,1.0,1274.6460389862614,1611.7748557792513,1907.822666152185,1975.833594667548,27.197917,82.885417,9178.1,1233.3
76.0,76.0,hybas_4120855780,0.0,51.0,0.0,12.0,0.1815,33.25464,1.0,1.0,1781.3819649366635,2339.894985303157,2792.2611732840487,2890.216076221808,27.18125,79.84375,24962.4,1706.5
77.0,77.0,hybas_4120856220,2.0,14.0,0.0,5.0,0.182592,109.985819,1.0,1.0,524.8247225468966,735.8987411768311,946.0563358756224,997.7456016281732,27.16875,79.914583,6577.7,1700.5
78.0,78.0,hybas_4120856670,0.0,13.0,0.0,5.0,0.182866,33.25464,1.0,1.0,540.6433040050622,747.9928604807527,943.5325587196064,990.0417665083208,27.15625,79.910417,7038.4,1699.0
79.0,79.0,hybas_4120856680,1.0,32.0,0.0,11.0,0.297304,91.131752,1.0,1.0,603.2307102932516,874.7212526035787,1153.043707764884,1222.522094338708,27.15625,83.03125,5031.1,1213.0
80.0,80.0,hybas_4120856790,4.0,98.0,0.0,8.0,0.182885,135.774713,1.0,1.0,4695.011794549755,5381.462672726594,5680.082415690665,5721.645920347322,27.152083,79.90625,75010.8,1698.9
81.0,81.0,hybas_4120856800,1.0,119.0,0.0,5.0,0.297304,86.989399,1.0,1.0,1313.6675654067108,1681.2670122448178,2014.9924461309229,2093.1844027988845,27.152083,83.027083,9709.2,1213.0
82.0,82.0,hybas_4120857010,2.0,90.0,0.0,8.0,0.183416,104.748399,1.0,1.0,4988.890221827793,5774.332129424252,6149.960331906284,6206.360363145842,27.14375,79.93125,82068.2,1696.0
83.0,83.0,hybas_4120857030,1.0,206.0,0.0,5.0,0.268904,82.847047,1.0,1.0,10288.817700883435,11963.202895471277,13467.228434095568,13819.891758455167,27.14375,81.460417,80605.9,1313.4
84.0,84.0,hybas_4120857750,2.0,54.0,0.0,16.0,0.129769,99.510979,1.0,1.0,1662.2799166732807,2223.302590335203,2702.25817298533,2809.423738843458,27.11875,78.202083,52153.7,2042.0
85.0,85.0,hybas_4120859620,4.0,43.0,0.0,29.0,0.30688,149.352184,1.0,1.0,486.78390741565823,691.5444052470028,898.3460279544887,949.6002702601352,27.052083,83.202083,3293.6,1181.3
86.0,86.0,hybas_4120859810,1.0,88.0,0.0,7.0,0.30688,86.989399,1.0,1.0,1744.131799582707,2286.46588427206,2807.842294765339,2934.14922481084,27.047917,83.197917,14929.4,1181.3
87.0,87.0,hybas_4120860680,3.0,2.0,0.0,3.0,0.219676,121.570982,1.0,1.0,466.5490592092606,641.6407737935735,808.5229094427166,848.5223296246912,27.027083,80.83125,7741.4,1515.6
88.0,88.0,hybas_4120861710,6.0,54.0,0.0,16.0,0.139429,151.695177,1.0,1.0,1668.4753766540337,2223.805810933145,2694.1219737659285,2798.8466945707323,26.985417,78.452083,52856.9,1970.2
89.0,89.0,hybas_4120862130,1.0,202.0,0.0,5.0,0.278427,82.847047,1.0,1.0,10225.227864551767,11873.587902136764,13362.6455597189,13712.956710074312,26.972917,81.65625,82023.3,1278.6
90.0,90.0,hybas_4120862490,4.0,2.0,0.0,3.0,0.221729,135.774713,1.0,1.0,480.28854930205375,659.0682469136302,827.9110690639925,868.1519061488373,26.964583,80.83125,8030.0,1506.3
91.0,91.0,hybas_4120863280,3.0,2.0,0.0,3.0,0.222506,121.570982,1.0,1.0,486.3477211640048,667.1251465858853,837.4403701717413,877.9700678564062,26.94375,80.847917,8170.6,1502.8
92.0,92.0,hybas_4120864240,7.0,41.0,0.0,13.0,0.144107,161.654386,1.0,1.0,1930.7566051829383,2654.406433233488,3313.722097636931,3467.1542936822348,26.910417,78.622917,78487.6,1937.2
93.0,93.0,hybas_4120865130,2.0,2.0,0.0,4.0,0.224585,104.748399,1.0,1.0,539.8620724063824,729.6573697653516,901.3951866839626,941.277689479194,26.885417,80.902083,9144.8,1493.5
94.0,94.0,hybas_4120865790,1.0,201.0,0.0,5.0,0.283995,82.847047,1.0,1.0,10167.469028584768,11773.6865102292,13210.601142551088,13546.792496156451,26.85625,81.76875,82595.8,1258.8
95.0,95.0,hybas_4120865920,1.0,79.0,1.0,11.0,0.316922,86.989399,1.0,1.0,2083.5135460518068,2735.353859440406,3372.2118599199134,3528.021705418076,26.852083,83.235417,18450.9,1149.1
96.0,96.0,hybas_4120866090,1.0,90.0,0.0,8.0,0.191647,82.847047,1.0,1.0,4984.071928524274,5773.400506625292,6149.382767626097,6205.63489655684,26.84375,80.122917,82579.3,1652.1
97.0,97.0,hybas_4120866750,2.0,195.0,0.0,5.0,0.287797,104.748399,1.0,1.0,10187.199412707529,11672.359250306898,12928.13624043962,13212.576866208648,26.814583,81.88125,85085.2,1245.5
98.0,98.0,hybas_4120866980,2.0,194.0,0.0,5.0,0.296117,104.748399,1.0,1.0,10264.299680685506,11752.802438005096,13021.94368712064,13310.846434871351,26.80625,82.14375,85794.7,1217.0
99.0,99.0,hybas_4120867450,2.0,194.0,1.0,5.0,0.293728,104.748399,1.0,1.0,10202.08155821683,11684.707308030538,12931.165786745356,13212.540548520365,26.79375,82.06875,85463.4,1225.1
100.0,100.0,hybas_4120867990,3.0,2.0,0.0,7.0,0.233447,121.570982,1.0,1.0,572.7274657867789,769.09666139303,944.609492673392,985.0764727321896,26.772917,81.185417,9722.2,1454.8
101.0,101.0,hybas_4120868460,1.0,13.0,0.0,18.0,0.325465,91.131752,1.0,1.0,370.5606286483046,500.33605879908913,625.6804793026193,656.0457670126416,26.760417,83.33125,2940.3,1122.5
102.0,102.0,hybas_4120868750,1.0,77.0,1.0,11.0,0.3254,86.989399,1.0,1.0,2054.500536303614,2691.9154709692925,3308.115105722207,3457.915147826704,26.752083,83.327083,18799.7,1122.7
103.0,103.0,hybas_4120868960,5.0,2.0,0.0,8.0,0.234336,148.313931,1.0,1.0,609.1118244156464,816.595615514718,1002.7944647616936,1045.8499982236867,26.74375,81.202083,10467.0,1451.0
104.0,104.0,hybas_4120870440,4.0,2.0,0.0,8.0,0.23783,135.774713,1.0,1.0,627.6350903476404,840.91348904448,1032.079757226532,1076.2523732371455,26.697917,81.28125,10783.5,1436.2
105.0,105.0,hybas_4120870650,3.0,2.0,0.0,8.0,0.24761,121.570982,1.0,1.0,660.8228248325163,886.0088659223263,1087.135698475526,1133.4971179641343,26.689583,81.56875,11200.3,1395.9
106.0,106.0,hybas_4120871310,1.0,189.0,0.0,5.0,0.307802,82.847047,1.0,1.0,9772.49917228834,11291.61318628063,12617.11063718046,12922.803146109554,26.660417,82.397917,87985.4,1178.3
107.0,107.0,hybas_4120871820,1.0,87.0,0.0,8.0,0.198652,82.847047,1.0,1.0,4994.779954114216,5814.431179727077,6218.154976663649,6280.140752658365,26.639583,80.26875,85559.6,1616.2
108.0,108.0,hybas_4120872640,4.0,86.0,0.0,8.0,0.199369,135.774713,1.0,1.0,4996.182157812187,5816.756056127863,6223.552450832361,6286.33767475992,26.610417,80.277083,85822.9,1612.6
109.0,109.0,hybas_4120873800,2.0,86.0,0.0,8.0,0.200068,104.748399,1.0,1.0,5004.539756782077,5826.4961018343,6233.851237355221,6296.70673047628,26.58125,80.277083,86246.1,1609.1
110.0,110.0,hybas_4120874100,3.0,86.0,0.0,8.0,0.200328,121.570982,1.0,1.0,5007.831694644917,5829.855564820993,6236.894421628427,6299.658793726792,26.572917,80.285417,86492.0,1607.8
111.0,111.0,hybas_4120874590,2.0,188.0,1.0,5.0,0.319499,104.748399,1.0,1.0,9770.573358982345,11274.377944556849,12590.691210095574,12894.85109078313,26.560417,82.672917,88472.0,1141.0
112.0,112.0,hybas_4120874710,2.0,68.0,1.0,12.0,0.340173,109.985819,1.0,1.0,2296.4987557108207,2989.353665689402,3654.633698736909,3815.7838842261417,26.55625,83.44375,21891.6,1078.3
113.0,113.0,hybas_4120876680,8.0,41.0,0.0,13.0,0.16431,170.95735,1.0,1.0,1957.5050626430127,2686.389315328111,3342.052076412989,3493.38302937436,26.49375,79.252083,79530.1,1806.0
114.0,114.0,hybas_4120876840,12.0,10.0,0.0,7.0,0.164343,200.0,1.0,1.0,2546.7966684158205,4229.528466737211,6419.28413425781,7046.956626401375,26.489583,79.252083,136196.2,1805.8
115.0,115.0,hybas_4120878590,4.0,2.0,0.0,7.0,0.263395,135.774713,1.0,1.0,817.6017921877179,1091.0880317144847,1330.0283471127202,1384.344996144966,26.435417,81.822917,13938.6,1334.1
116.0,116.0,hybas_4120878820,10.0,8.0,0.0,3.0,0.16515,197.965225,1.0,1.0,766.5853228151411,1204.8998621773949,1677.1925829425877,1797.725778847984,26.427083,79.177083,21024.9,1800.9
117.0,117.0,hybas_4120879890,1.0,186.0,0.0,5.0,0.336822,82.847047,1.0,1.0,9759.885489347847,11247.111311846887,12556.475707958862,12860.07076888654,26.39375,83.08125,89427.4,1088.2
118.0,118.0,hybas_4120880810,4.0,2.0,0.0,7.0,0.269389,135.774713,1.0,1.0,950.1411707846888,1262.0409734032437,1520.2651018472322,1576.915722398509,26.372917,82.00625,15678.7,1311.6
119.0,119.0,hybas_4120881060,1.0,63.0,0.0,11.0,0.358223,86.989399,1.0,1.0,2415.877005503455,3124.984753006346,3793.219303098424,3953.309076052785,26.364583,83.602083,23718.5,1026.6
120.0,120.0,hybas_4120881320,2.0,174.0,0.0,5.0,0.345937,104.748399,1.0,1.0,9814.821500650389,11063.26618960946,12136.902545556011,12382.73107402716,26.35625,83.310417,95761.0,1061.5
121.0,121.0,hybas_4120883140,1.0,172.0,0.0,5.0,0.350218,82.847047,1.0,1.0,9784.019428887024,11034.313301031769,12105.14135016417,12349.741816556652,26.297917,83.397917,96348.7,1049.2
122.0,122.0,hybas_4120883570,1.0,59.0,0.0,11.0,0.36411,86.989399,1.0,1.0,2460.0049653479764,3204.351285432984,3897.580363454476,4062.328109128234,26.285417,83.672917,25313.6,1010.3
123.0,123.0,hybas_4120883690,2.0,171.0,0.0,5.0,0.364037,104.748399,1.0,1.0,9776.057065740271,11023.327349427387,12097.425886199737,12343.550885114606,26.28125,83.672917,97223.6,1010.5
124.0,124.0,hybas_4120883800,1.0,172.0,0.0,5.0,0.355546,82.847047,1.0,1.0,9765.729566218626,11005.846458749413,12070.596573443008,12314.16522399182,26.277083,83.51875,96663.5,1034.1
125.0,125.0,hybas_4120884240,1.0,148.0,0.0,6.0,0.367916,82.847047,1.0,1.0,11133.868103555811,12769.332934846769,14211.368360129338,14546.085755988526,26.260417,83.764583,122718.4,999.9
126.0,126.0,hybas_4120884830,1.0,85.0,0.0,8.0,0.210936,82.847047,1.0,1.0,5027.554064719927,5860.94003028871,6282.995068145595,6349.24594875788,26.239583,80.572917,87281.4,1556.2
127.0,127.0,hybas_4120885490,1.0,83.0,0.0,8.0,0.211845,82.847047,1.0,1.0,5042.085394109771,5876.323284369131,6299.516841859959,6366.042042270556,26.21875,80.60625,89200.8,1551.9
128.0,128.0,hybas_4120886430,6.0,20.0,5.0,9.0,0.180036,151.695177,1.0,1.0,6087.0606108823,8942.105694445227,11722.573930796496,12392.389791796428,26.19375,79.702083,244616.8,1714.6
129.0,129.0,hybas_4120886450,1.0,147.0,0.0,6.0,0.372395,82.847047,1.0,1.0,11133.457661640168,12771.740291434888,14219.260450253483,14555.649445501376,26.19375,83.839583,122992.4,987.8
130.0,130.0,hybas_4120886610,11.0,20.0,0.0,9.0,0.180144,196.036613,1.0,1.0,6129.354004492387,8990.533934014391,11767.648543353536,12435.30717215638,26.189583,79.70625,246886.3,1714.0
131.0,131.0,hybas_4120889340,5.0,20.0,4.0,9.0,0.182903,140.898234,1.0,1.0,6147.1823042728265,9013.62938376432,11792.72560424523,12460.390204857253,26.11875,79.777083,247191.8,1698.8
132.0,132.0,hybas_4120889890,2.0,0.0,0.0,11.0,0.381899,109.985819,1.0,1.0,380.11056723261794,483.342736710997,569.9894314147209,589.3076642721727,26.102083,84.04375,3450.4,962.6
133.0,133.0,hybas_4120890150,8.0,20.0,2.0,9.0,0.185649,170.95735,1.0,1.0,6157.257682333475,9028.685252392404,11812.158942855194,12480.79920567194,26.09375,79.902083,247469.8,1683.9
134.0,134.0,hybas_4120890380,1.0,142.0,0.0,7.0,0.384504,82.847047,1.0,1.0,11102.643829313429,12739.359863905798,14184.971723641198,14520.843968478695,26.089583,84.097917,127370.6,955.8
135.0,135.0,hybas_4120891070,4.0,82.0,0.0,9.0,0.223532,135.774713,1.0,1.0,5054.171279441621,5882.615133427101,6300.362451583449,6365.742050572968,26.060417,80.95625,89985.2,1498.2
136.0,136.0,hybas_4120894080,1.0,141.0,0.0,7.0,0.393057,82.847047,1.0,1.0,11068.682528352345,12712.43258601279,14160.017728997957,14495.768241930477,25.964583,84.247917,128514.1,933.8
137.0,137.0,hybas_4120894510,6.0,10.0,3.0,4.0,0.19505,159.679133,1.0,1.0,2613.460400282718,3923.494623266592,5496.022794745303,5928.154703879191,25.952083,80.122917,43958.9,1634.5
138.0,138.0,hybas_4120895450,7.0,19.0,1.0,9.0,0.197602,161.654386,1.0,1.0,6403.202285520219,9331.18168166822,12107.024230367771,12764.542004132498,25.922917,80.227083,254596.7,1621.5
139.0,139.0,hybas_4120895600,5.0,10.0,0.0,5.0,0.197563,148.313931,1.0,1.0,2623.770872479531,3937.055563473071,5514.949796100069,5948.817371586403,25.91875,80.227083,44185.0,1621.7
140.0,140.0,hybas_4120896380,6.0,10.0,6.0,5.0,0.184261,159.679133,1.0,1.0,2403.980002853382,3580.6437245038696,4963.390727937919,5338.654482310932,25.902083,79.752083,40327.4,1691.4
141.0,141.0,hybas_4120896390,5.0,18.0,2.0,8.0,0.20105,140.898234,1.0,1.0,8948.039970039725,12710.068109432566,16252.112317072811,17090.553989460077,25.902083,80.36875,298907.7,1604.2
142.0,142.0,hybas_4120896950,5.0,10.0,8.0,5.0,0.189058,148.313931,1.0,1.0,2399.4403452033584,3569.228150558737,4947.154327425375,5321.690082843772,25.885417,79.902083,40955.2,1665.7
143.0,143.0,hybas_4120897350,6.0,18.0,0.0,8.0,0.205009,151.695177,1.0,1.0,8999.952739376484,12763.801185782457,16294.065282870204,17127.787815503867,25.877083,80.54375,300093.7,1584.7
144.0,144.0,hybas_4120898340,3.0,2.0,0.0,7.0,0.302492,121.570982,1.0,1.0,1024.3195830568045,1352.292138937051,1618.0262806346782,1675.5296296274537,25.852083,82.585417,17054.5,1195.7
145.0,145.0,hybas_4120899590,5.0,10.0,42.0,5.0,0.164639,148.313931,1.0,1.0,1873.8904580335973,2835.777397107446,4026.9479503365183,4360.395961488373,25.810417,79.085417,27824.3,1804.0
146.0,146.0,hybas_4120899600,3.0,10.0,21.0,5.0,0.166078,121.570982,1.0,1.0,1874.581050950895,2837.116276597797,4012.053926285583,4338.082536296202,25.810417,79.160417,28102.5,1795.3
147.0,147.0,hybas_4120900650,6.0,17.0,1.0,8.0,0.209444,151.695177,1.0,1.0,9163.354680902255,12904.313482689457,16351.109419559025,17156.324039141415,25.777083,80.522917,305475.2,1563.3
148.0,148.0,hybas_4120900980,5.0,14.0,2.0,3.0,0.209444,148.313931,1.0,1.0,1972.4341498282213,3062.530081752472,4296.723799427438,4622.613074172898,25.76875,80.522917,28665.0,1563.3
149.0,149.0,hybas_4120901490,6.0,16.0,0.0,3.0,0.206016,159.679133,1.0,1.0,1882.6846707636712,2900.5165069834507,4041.5101514394696,4341.131981730881,25.75625,80.414583,25970.3,1579.8
150.0,150.0,hybas_4120901740,4.0,26.0,0.0,8.0,0.399317,128.985977,1.0,1.0,21802.413623408884,26456.248665528576,29864.587883079163,30563.2875379888,25.747917,84.35625,520790.7,918.0
151.0,151.0,hybas_4120903260,3.0,26.0,0.0,8.0,0.396531,115.492433,1.0,1.0,21758.56563386921,26413.985144551472,29818.85428766881,30516.135168528366,25.702083,84.31875,520117.2,925.0
152.0,152.0,hybas_4120903570,2.0,26.0,0.0,8.0,0.406692,99.510979,1.0,1.0,21847.45128345827,26486.772473771725,29867.03380738272,30557.63962974544,25.689583,84.49375,521164.0,899.7
153.0,153.0,hybas_4120903710,4.0,17.0,2.0,8.0,0.215413,128.985977,1.0,1.0,10819.607750271418,14847.46712561099,18461.007706286146,19293.550250697142,25.685417,80.710417,334426.8,1535.2
154.0,154.0,hybas_4120904760,1.0,2.0,0.0,7.0,0.316257,82.847047,1.0,1.0,1090.8973060101512,1429.7459280919825,1696.2816498256698,1752.8633653244256,25.652083,82.802083,18313.3,1151.2
155.0,155.0,hybas_4120904850,2.0,2.0,0.0,7.0,0.31632,109.985819,1.0,1.0,560.4977688085927,780.0949119728882,973.5313865065208,1017.4503479238812,25.647917,82.802083,11618.5,1151.0
156.0,156.0,hybas_4120905420,5.0,17.0,3.0,8.0,0.223331,140.898234,1.0,1.0,10925.322955376929,14972.556373639996,18584.03624231665,19413.28887037395,25.627083,80.94375,336247.3,1499.1
157.0,157.0,hybas_4120906050,2.0,27.0,0.0,8.0,0.363419,99.510979,1.0,1.0,20220.567471200284,24792.31695926023,28058.00985898774,28714.60231733291,25.597917,83.652083,499443.4,1012.2
158.0,158.0,hybas_4120906500,4.0,80.0,0.0,9.0,0.247437,135.774713,1.0,1.0,5048.637091872665,5865.353520331843,6272.388616639989,6335.526198071124,25.58125,81.560417,92364.7,1396.6
159.0,159.0,hybas_4120907640,4.0,17.0,0.0,8.0,0.228344,128.985977,1.0,1.0,10969.11428746682,15023.903335662722,18638.86263165556,19468.486750135973,25.547917,81.01875,336918.3,1476.9
160.0,160.0,hybas_4120908520,2.0,27.0,0.0,8.0,0.370649,99.510979,1.0,1.0,20322.12128589028,24887.90711534769,28138.322835950406,28790.442680588007,25.522917,83.79375,500535.2,992.5
161.0,161.0,hybas_4120908740,8.0,16.0,1.0,3.0,0.194135,179.955105,1.0,1.0,1861.4837608873008,2869.5308400046283,4003.701270214888,4302.215940021648,25.514583,80.285417,25432.6,1639.2
162.0,162.0,hybas_4120908760,2.0,80.0,0.0,9.0,0.253574,104.748399,1.0,1.0,5057.103853795219,5885.586185191701,6305.913303292182,6372.024347236691,25.514583,81.71875,92954.9,1372.1
163.0,163.0,hybas_4120908790,2.0,27.0,0.0,8.0,0.374075,99.510979,1.0,1.0,20357.0218471884,24913.09193875442,28167.186967043614,28821.63976626421,25.514583,83.877083,500845.8,983.3
164.0,164.0,hybas_4120908900,7.0,17.0,0.0,8.0,0.231147,161.654386,1.0,1.0,11109.84569094014,15186.321142916018,18803.69707800313,19631.53957141752,25.510417,81.122917,339961.4,1464.7
165.0,165.0,hybas_4120909020,2.0,2.0,0.0,7.0,0.335914,104.748399,1.0,1.0,1435.8607124072178,1926.7033645766912,2331.6853637849263,2420.163582028095,25.50625,83.164583,30936.5,1090.9
166.0,166.0,hybas_4120909100,5.0,10.0,1.0,5.0,0.155284,148.313931,1.0,1.0,1828.3534036243868,2783.323835970937,3982.178215142935,4320.4516753728185,25.502083,78.75625,26609.6,1862.5
167.0,167.0,hybas_4120909110,3.0,29.0,0.0,8.0,0.335914,115.492433,1.0,1.0,18316.258751683137,22932.151638973097,26331.232293053883,27026.47241287655,25.502083,83.16875,465736.4,1090.9
168.0,168.0,hybas_4120909250,2.0,2.0,0.0,7.0,0.331774,104.748399,1.0,1.0,1420.8681472276996,1904.992274468948,2300.02180094036,2385.678692794354,25.497917,83.085417,30256.0,1103.3
169.0,169.0,hybas_4120909630,4.0,80.0,0.0,9.0,0.259318,135.774713,1.0,1.0,5063.403273737936,5899.607999145533,6332.409996438366,6401.561845402632,25.485417,81.89375,93379.1,1349.7
170.0,170.0,hybas_4120909650,3.0,27.0,0.0,8.0,0.356151,115.492433,1.0,1.0,20077.456123132368,24655.63886306149,27934.92927316537,28595.32069527065,25.485417,83.51875,497652.6,1032.4
171.0,171.0,hybas_4120911410,8.0,10.0,1.0,5.0,0.153508,179.955105,1.0,1.0,1836.750200032665,2800.247128586628,4012.491859189228,4354.975264249403,25.422917,78.70625,26285.7,1874.0
172.0,172.0,hybas_4120911440,5.0,17.0,0.0,8.0,0.23511,140.898234,1.0,1.0,11181.998898958764,15276.698928207412,18899.14057161552,19726.510001470466,25.422917,81.15625,341252.8,1447.7
173.0,173.0,hybas_4120911450,5.0,17.0,0.0,8.0,0.261401,140.898234,1.0,1.0,11488.172214798784,15657.973577535766,19335.685036319013,20174.28057066297,25.422917,81.885417,346499.2,1341.7
174.0,174.0,hybas_4120911460,5.0,79.0,0.0,9.0,0.261427,148.313931,1.0,1.0,5059.268396913987,5905.633686779394,6354.517850614653,6427.609361429039,25.422917,81.889583,93854.0,1341.6
175.0,175.0,hybas_4120912140,3.0,27.0,0.0,8.0,0.351657,115.492433,1.0,1.0,20028.66692258201,24623.37348030916,27913.82444928392,28576.21609183489,25.397917,83.53125,497140.3,1045.1
176.0,176.0,hybas_4120913390,7.0,17.0,0.0,8.0,0.253067,161.654386,1.0,1.0,11371.190262907188,15508.954862259548,19161.84447456691,19995.21826525977,25.352083,81.68125,344441.9,1374.1
177.0,177.0,hybas_4120913510,4.0,17.0,0.0,8.0,0.238735,128.985977,1.0,1.0,11275.448279565724,15389.946522839324,19025.779438707097,19855.69779589993,25.347917,81.247917,343060.0,1432.4
178.0,178.0,hybas_4120913520,3.0,30.0,1.0,8.0,0.267938,115.492433,1.0,1.0,16827.723268770427,21385.22050065335,24662.51832131212,25319.59051426522,25.347917,82.047917,440658.4,1317.0
179.0,179.0,hybas_4120913760,6.0,17.0,0.0,8.0,0.242246,151.695177,1.0,1.0,11300.07293872418,15415.688770013016,19053.038072813066,19883.4504630104,25.339583,81.372917,343620.6,1417.8
180.0,180.0,hybas_4120913960,4.0,17.0,0.0,8.0,0.256097,128.985977,1.0,1.0,11440.728588874126,15597.17190652703,19267.961288030176,20105.690995460296,25.33125,81.785417,346168.0,1362.2
181.0,181.0,hybas_4120914230,4.0,29.0,0.0,8.0,0.323777,128.985977,1.0,1.0,18073.74255260064,22702.554451071668,26083.764274002267,26770.977994809145,25.322917,83.04375,462110.8,1127.7
182.0,182.0,hybas_4120915210,14.0,16.0,0.0,3.0,0.188417,200.0,1.0,1.0,1827.456945179795,2799.109159089653,3891.7968513721935,4179.508600991857,25.29375,80.310417,24265.3,1669.1
183.0,183.0,hybas_4120915590,3.0,30.0,0.0,8.0,0.270414,115.492433,1.0,1.0,16849.06536813552,21405.90944331664,24683.79595463509,25341.18149289379,25.28125,82.085417,440923.8,1307.8
184.0,184.0,hybas_4120915760,9.0,16.0,3.0,3.0,0.187571,189.190171,1.0,1.0,1812.6769888331069,2774.682815251504,3857.176277711199,4142.334543510881,25.277083,80.34375,23969.1,1673.6
185.0,185.0,hybas_4120915770,11.0,17.0,3.0,8.0,0.24828,196.036613,1.0,1.0,11332.471988377263,15454.694312925882,19096.79509752873,19928.16955260791,25.277083,81.527083,344008.0,1393.2
186.0,186.0,hybas_4120915780,5.0,13.0,0.0,3.0,0.270468,148.313931,1.0,1.0,1130.8332206313762,1848.6376676192629,2780.440576354388,3047.4952368581658,25.277083,82.085417,17375.1,1307.6
187.0,187.0,hybas_4120917670,7.0,13.0,0.0,3.0,0.267135,170.162512,1.0,1.0,1130.021451043909,1842.4981163566447,2759.479446933784,3020.9305213787693,25.21875,82.047917,17206.4,1320.0
188.0,188.0,hybas_4120917790,8.0,11.0,0.0,5.0,0.148838,179.955105,1.0,1.0,1668.012434097399,2506.6171260156684,3568.085117284614,3869.276367711332,25.214583,78.564583,20800.9,1904.9
189.0,189.0,hybas_4120918000,2.0,29.0,0.0,8.0,0.317906,99.510979,1.0,1.0,18037.589629952075,22666.469398003133,26043.16436920276,26728.747543788308,25.20625,82.99375,461845.6,1146.0
190.0,190.0,hybas_4120918290,2.0,29.0,0.0,8.0,0.305013,99.510979,1.0,1.0,17923.97048425814,22555.161187694863,25919.59881349913,26600.49825803308,25.19375,82.685417,460316.6,1187.4
191.0,191.0,hybas_4120918450,3.0,29.0,0.0,8.0,0.293905,115.492433,1.0,1.0,17835.83807941827,22470.48663603849,25829.55963308722,26508.07767179188,25.189583,82.464583,459270.7,1224.5
192.0,192.0,hybas_4120918700,5.0,29.0,0.0,8.0,0.279291,140.898234,1.0,1.0,17751.41909999912,22392.69552121525,25747.48334777276,26423.65000854632,25.177083,82.227083,458683.4,1275.5
193.0,193.0,hybas_4120919090,9.0,29.0,0.0,8.0,0.296236,179.730662,1.0,1.0,17861.868334014864,22493.43746577818,25852.48329508312,26531.374852949608,25.160417,82.527083,459712.0,1216.6
194.0,194.0,hybas_4120919620,3.0,29.0,0.0,8.0,0.307678,115.492433,1.0,1.0,17945.347821434207,22576.388911127106,25943.421168554072,26625.26967346093,25.14375,82.747917,460628.0,1178.7
195.0,195.0,hybas_4120919690,7.0,29.0,0.0,8.0,0.312703,161.654386,1.0,1.0,17980.705135154934,22609.631871348727,25980.27079258292,26663.659235114697,25.139583,82.872917,461106.3,1162.5
196.0,196.0,hybas_4120921050,4.0,11.0,0.0,5.0,0.144786,135.774713,1.0,1.0,1768.0150276332806,2624.1362231633434,3667.058602758597,3956.4363535778166,25.089583,78.364583,19801.6,1932.5
197.0,197.0,hybas_4120921550,2.0,14.0,16.0,3.0,0.254005,104.748399,1.0,1.0,1092.670859545607,1769.6025066450975,2629.7444932790413,2873.1634340209007,25.077083,81.80625,16223.6,1370.4
198.0,198.0,hybas_4120922000,8.0,11.0,3.0,5.0,0.144294,179.955105,1.0,1.0,1774.6002432585692,2628.465141961769,3663.6986632250414,3950.151431683612,25.064583,78.347917,19620.5,1935.9
199.0,199.0,hybas_4120924630,8.0,11.0,9.0,5.0,0.142616,179.955105,1.0,1.0,1927.194627558729,2840.510135724549,3964.9367420350336,4279.0227803880825,24.977083,78.30625,19312.7,1947.6
200.0,200.0,hybas_4120927490,15.0,11.0,6.0,5.0,0.140661,200.0,1.0,1.0,1905.3703928994469,2810.010723558303,3922.806306042371,4233.476832089162,24.897917,78.210417,19066.1,1961.4
201.0,201.0,hybas_4120938060,49.0,28.0,2.0,2.0,0.313329,200.0,1.0,1.0,1941.5194853253952,2877.518789940794,4015.9168907643216,4331.504544497778,24.539583,82.977083,31764.4,1160.5
202.0,202.0,hybas_4120938230,12.0,28.0,8.0,2.0,0.313925,200.0,1.0,1.0,1984.5824345567976,2934.967852002669,4090.118210130289,4410.262611175015,24.535417,82.99375,33091.2,1158.6
203.0,203.0,hybas_4120938340,35.0,35.0,1.0,4.0,0.313925,200.0,1.0,1.0,807.5338704468999,1179.8762634231105,1656.2471099649608,1792.3959641217025,24.53125,82.997917,13438.6,1158.6
204.0,204.0,hybas_4120938450,18.0,30.0,0.0,3.0,0.315625,200.0,1.0,1.0,2418.381371820313,3401.246516724078,4555.47378525489,4869.572542827576,24.527083,83.039583,46595.8,1153.2
205.0,205.0,hybas_4120938510,20.0,11.0,24.0,5.0,0.133094,200.0,1.0,1.0,1611.572824909426,2372.5355933906026,3339.4571630907008,3614.654547356564,24.522917,78.222917,16011.4,2016.7
206.0,206.0,hybas_4120940020,38.0,30.0,2.0,3.0,0.32062,200.0,1.0,1.0,2421.181733493506,3400.828979471295,4543.640413116381,4853.4305399156265,24.472917,83.135417,47144.8,1137.5
207.0,207.0,hybas_4120950100,0.0,36.0,0.0,4.0,0.295614,33.25464,1.0,1.0,726.862290054897,1038.9095560346473,1424.3506037473558,1532.3326747846488,24.152083,82.88125,11996.8,1218.7
208.0,208.0,hybas_4120950620,5.0,36.0,0.0,4.0,0.29414,155.729627,1.0,1.0,743.6072466245985,1048.9149016476613,1418.0621943673236,1520.234444221308,24.127083,82.84375,11831.1,1223.7
209.0,209.0,hybas_4121438370,0.0,203.0,0.0,6.0,0.077336,30.087531,1.0,1.0,2370.400021087719,2958.940421758047,3489.5221968945284,3613.603984911968,29.927083,77.210417,13092.8,2559.6
210.0,210.0,hybas_4121439280,0.0,201.0,0.0,6.0,0.077926,30.087531,1.0,1.0,2417.320274229516,3015.2195430753723,3551.7852850050967,3676.921713523013,29.86875,77.197917,13216.5,2552.0
211.0,211.0,hybas_4121443640,72.0,177.0,69.0,2.0,0.122395,200.0,1.0,1.0,647.9299535145327,904.4402278899792,1193.5727192126978,1270.3911732431536,29.489583,78.685417,3282.0,2100.5
212.0,212.0,hybas_4121444610,17.0,168.0,13.0,2.0,0.123947,200.0,1.0,1.0,688.7996637091957,957.9750850158384,1259.6449218668863,1339.534738986318,29.422917,78.622917,3465.1,2087.9
213.0,213.0,hybas_4121446370,1.0,221.0,0.0,4.0,0.123811,82.847047,1.0,1.0,3698.7291761783954,4191.291356369469,4648.161599261546,4757.291148098295,29.285417,78.09375,27283.2,2089.0
214.0,214.0,hybas_4121447540,1.0,159.0,0.0,9.0,0.085409,78.704695,1.0,1.0,2186.901000586735,2771.7166489315955,3294.301036307428,3415.65458921895,29.19375,77.147917,16669.8,2460.3
215.0,215.0,hybas_4121448880,1.0,118.0,0.0,5.0,0.129484,86.989399,1.0,1.0,753.6690621915042,1004.0944674964868,1226.537042508013,1277.672644197714,29.097917,78.697917,5668.8,2044.2
216.0,216.0,hybas_4121450030,0.0,115.0,0.0,5.0,0.130864,33.25464,1.0,1.0,756.6439287246325,1016.7616877323728,1258.3582399443662,1315.4712525699465,29.010417,78.722917,5817.0,2033.6
217.0,217.0,hybas_4121450440,1.0,155.0,7.0,12.0,0.132218,91.131752,1.0,1.0,730.918435062694,976.0841155229596,1224.3636636258054,1286.3718692111013,28.972917,79.03125,2363.2,2023.3
218.0,218.0,hybas_4121450500,1.0,212.0,1.0,4.0,0.129665,82.847047,1.0,1.0,3686.808938424672,4190.63630951393,4620.178953143612,4717.996129447051,28.96875,78.08125,28503.0,2042.8
219.0,219.0,hybas_4121452740,1.0,209.0,0.0,4.0,0.132801,82.847047,1.0,1.0,3677.6124355116176,4184.153912047395,4608.484370605854,4704.112610409952,28.79375,78.139583,28939.6,2018.9
220.0,220.0,hybas_4121454130,2.0,238.0,41.0,3.0,0.201997,109.985819,1.0,1.0,3692.921068620368,4348.85978062741,5007.10365833812,5171.267533443771,28.68125,80.285417,16686.0,1599.5
221.0,221.0,hybas_4121454230,1.0,208.0,0.0,4.0,0.135119,82.847047,1.0,1.0,3666.0843354990097,4168.543719597053,4582.47496487988,4674.836534689712,28.672917,78.197917,29096.0,2001.6
222.0,222.0,hybas_4121454840,3.0,237.0,20.0,3.0,0.203254,127.649531,1.0,1.0,3707.660381331565,4368.771722551536,5033.827153638961,5199.910090291503,28.63125,80.277083,16781.9,1593.3
223.0,223.0,hybas_4121455330,1.0,85.0,1.0,9.0,0.139848,86.989399,1.0,1.0,1161.781492420344,1515.0269202007337,1798.035337797143,1858.939410538778,28.59375,79.00625,12443.2,1967.2
224.0,224.0,hybas_4121456360,3.0,234.0,38.0,3.0,0.207381,127.649531,1.0,1.0,3758.499910693298,4429.226099375584,5099.715349202617,5266.586787806103,28.51875,80.352083,16952.9,1573.2
225.0,225.0,hybas_4121457300,4.0,234.0,36.0,3.0,0.209381,142.563449,1.0,1.0,3749.1278896927006,4411.924274644025,5079.97087923153,5246.970393063391,28.452083,80.389583,17024.8,1563.6
226.0,226.0,hybas_4121458000,2.0,232.0,16.0,3.0,0.212482,109.985819,1.0,1.0,3783.655395579147,4454.787494363692,5130.243942529018,5298.964547271488,28.40625,80.48125,17159.8,1548.9
227.0,227.0,hybas_4121458390,1.0,204.0,0.0,4.0,0.140479,82.847047,1.0,1.0,3587.960245316669,4087.042186822897,4485.594320440228,4572.842362274969,28.38125,78.277083,29570.8,1962.7
228.0,228.0,hybas_4121458580,2.0,230.0,20.0,3.0,0.215758,109.985819,1.0,1.0,3828.888805448441,4497.528664706547,5161.100171569654,5325.593644948371,28.364583,80.560417,17293.5,1533.6
229.0,229.0,hybas_4121459330,1.0,204.0,0.0,4.0,0.141763,82.847047,1.0,1.0,3590.9350081296443,4088.200351364596,4482.13538056888,4567.951983567483,28.310417,78.29375,29676.5,1953.6
230.0,230.0,hybas_4121459510,0.0,228.0,0.0,3.0,0.218537,33.25464,1.0,1.0,3858.087622511316,4507.810867557342,5140.788313732598,5296.116900090415,28.297917,80.635417,17428.0,1520.8
231.0,231.0,hybas_4121459610,1.0,65.0,0.0,15.0,0.098244,78.704695,1.0,1.0,1577.935047495416,2067.596569757872,2443.2231430049865,2521.5756081051672,28.289583,77.497917,43891.8,2320.3
232.0,232.0,hybas_4121460350,1.0,203.0,0.0,4.0,0.143603,82.847047,1.0,1.0,3511.792253519024,4014.100972144952,4419.076576085574,4508.222750256173,28.235417,78.36875,29802.8,1940.7
233.0,233.0,hybas_4121461000,1.0,223.0,5.0,3.0,0.224204,86.989399,1.0,1.0,3931.998736128693,4578.613591469093,5205.495827983116,5358.915501255806,28.18125,80.79375,17812.4,1495.2
234.0,234.0,hybas_4121461090,1.0,202.0,0.0,4.0,0.144771,82.847047,1.0,1.0,3445.326426240454,3970.641959776677,4410.404410981092,4509.377117384386,28.177083,78.410417,29942.8,1932.6
235.0,235.0,hybas_4121461170,1.0,234.0,1.0,3.0,0.233727,82.847047,1.0,1.0,6457.770625773368,7476.450137568448,8298.931434670198,8479.913055972509,28.16875,81.127083,51844.8,1453.6
236.0,236.0,hybas_4121461920,0.0,222.0,1.0,3.0,0.22691,33.25464,1.0,1.0,3946.884303780148,4593.130296416371,5219.324569093772,5372.531071187982,28.11875,80.877083,17954.3,1483.2
237.0,237.0,hybas_4121462300,1.0,201.0,0.0,4.0,0.147003,82.847047,1.0,1.0,3456.221085136241,3983.582921188157,4420.697800776667,4518.485430762636,28.08125,78.49375,30080.2,1917.3
238.0,238.0,hybas_4121462750,1.0,64.0,0.0,15.0,0.101611,78.704695,1.0,1.0,1587.59079005396,2078.8304688392645,2453.085186858004,2530.7832359852146,28.052083,77.502083,44295.2,2286.6
239.0,239.0,hybas_4121462850,1.0,200.0,0.0,4.0,0.1486,82.847047,1.0,1.0,3497.454471971408,4030.069283805567,4501.226776248344,4610.77357536564,28.047917,78.572917,30217.0,1906.5
240.0,240.0,hybas_4121463640,1.0,64.0,0.0,15.0,0.102674,78.704695,1.0,1.0,1589.1135999863932,2081.633269719547,2457.3497555957206,2535.4167359798967,27.99375,77.54375,44438.8,2276.2
241.0,241.0,hybas_4121463650,1.0,199.0,0.0,4.0,0.150138,82.847047,1.0,1.0,3506.6118151193127,4036.764940008185,4490.201684064932,4593.575791082581,27.99375,78.647917,30357.0,1896.2
242.0,242.0,hybas_4121463770,1.0,232.0,6.0,3.0,0.239716,82.847047,1.0,1.0,6519.868443178009,7548.554799304755,8384.377508269868,8569.015370312885,27.985417,81.21875,52380.8,1428.3
243.0,243.0,hybas_4121464290,1.0,198.0,0.0,5.0,0.152422,82.847047,1.0,1.0,3515.680914488098,4039.6721009986186,4495.527674041137,4600.508681449553,27.94375,78.772917,30576.4,1881.1
244.0,244.0,hybas_4121465750,1.0,63.0,0.0,15.0,0.10561,78.704695,1.0,1.0,1589.7688081854724,2088.7194924587634,2475.6076328824915,2556.8791570447497,27.84375,77.622917,44935.7,2248.0
245.0,245.0,hybas_4121466060,0.0,208.0,0.0,4.0,0.239118,33.25464,1.0,1.0,3914.501970305736,4580.131774563354,5203.183611624116,5352.720355639647,27.810417,81.00625,19149.2,1430.8
246.0,246.0,hybas_4121467380,1.0,62.0,0.0,15.0,0.109712,78.704695,1.0,1.0,1607.4780228580146,2114.9293406685774,2511.8674863774268,2595.7412459006136,27.697917,77.710417,46035.5,2209.9
247.0,247.0,hybas_4121468440,0.0,52.0,1.0,12.0,0.168486,33.25464,1.0,1.0,1772.4595518260885,2328.548457415553,2780.362182317036,2878.4049053532312,27.614583,79.66875,24405.4,1780.9
248.0,248.0,hybas_4121468510,0.0,214.0,0.0,4.0,0.251805,31.671086,1.0,1.0,10302.61212860168,12096.855641367296,13750.268674886502,14143.553777596906,27.60625,81.322917,77617.1,1379.1
249.0,249.0,hybas_4121468990,1.0,170.0,0.0,5.0,0.169196,82.847047,1.0,1.0,3649.1425227479967,4137.67897758961,4423.977997829058,4474.747297510242,27.56875,79.464583,35622.1,1776.7
250.0,250.0,hybas_4121469680,2.0,61.0,0.0,15.0,0.113381,99.510979,1.0,1.0,1619.8346347557708,2128.697853493557,2524.4221090166493,2607.716391700648,27.51875,77.685417,46589.3,2177.0
251.0,251.0,hybas_4121469900,0.0,213.0,0.0,4.0,0.254972,31.671086,1.0,1.0,10313.101269467845,12108.269626805988,13761.274068882714,14154.291366350037,27.50625,81.327083,77768.0,1366.6
252.0,252.0,hybas_4121471420,1.0,135.0,0.0,4.0,0.268394,86.989399,1.0,1.0,1241.9446918951642,1563.2381094465525,1852.365055333824,1919.8500104470072,27.385417,82.34375,8540.7,1315.3
253.0,253.0,hybas_4121471540,0.0,51.0,0.0,12.0,0.17503,33.25464,1.0,1.0,1782.692413142785,2336.7372188251275,2779.870735411288,2875.033891562485,27.377083,79.727083,24846.4,1742.8
254.0,254.0,hybas_4121471650,3.0,60.0,0.0,16.0,0.116916,115.492433,1.0,1.0,1625.020430088798,2139.72304915533,2544.8904640863752,2630.869979435422,27.36875,77.789583,46997.4,2146.3
255.0,255.0,hybas_4121472020,0.0,133.0,0.0,4.0,0.273077,33.25464,1.0,1.0,1253.3937608805902,1580.6927736836988,1872.0481959915533,1939.5797922178167,27.335417,82.477083,8659.5,1298.0
256.0,256.0,hybas_4121472440,2.0,60.0,0.0,16.0,0.118292,99.510979,1.0,1.0,1626.1889573915928,2143.6004978391707,2552.6237489583377,2639.659550865654,27.297917,77.835417,47135.7,2134.6
257.0,257.0,hybas_4121472890,4.0,60.0,0.0,16.0,0.124519,128.985977,1.0,1.0,1629.538750347051,2153.705820636184,2571.902551041168,2661.41800306246,27.26875,77.997917,47518.7,2083.3
258.0,258.0,hybas_4121473290,0.0,131.0,0.0,4.0,0.27751,33.25464,1.0,1.0,1256.07062132739,1581.252432499224,1863.040280246178,1927.2632324898923,27.23125,82.514583,8785.2,1281.9
259.0,259.0,hybas_4121473650,0.0,127.0,0.0,4.0,0.286992,33.25464,1.0,1.0,1265.62584680101,1598.2424363312912,1889.7707900327111,1956.672558216694,27.20625,82.76875,9055.3,1248.3
260.0,260.0,hybas_4121473660,2.0,232.0,21.0,4.0,0.34082,104.748399,1.0,1.0,6861.03967988151,7655.952224450176,8339.064402827858,8495.472858168096,27.20625,83.947917,36953.4,1076.4
261.0,261.0,hybas_4121473840,0.0,129.0,0.0,4.0,0.281113,33.25464,1.0,1.0,1263.2168372309447,1592.4464278786825,1879.814082747076,1945.600855246419,27.19375,82.610417,8922.1,1269.0
262.0,262.0,hybas_4121473990,2.0,55.0,0.0,16.0,0.128349,99.510979,1.0,1.0,1660.7057031466384,2221.7037349797624,2700.912058713928,2808.1715653612705,27.177083,78.18125,52016.7,2053.0
263.0,263.0,hybas_4121474690,3.0,54.0,0.0,16.0,0.133334,115.492433,1.0,1.0,1667.175117585815,2228.533077628406,2705.421615447296,2811.7804699853727,27.127083,78.30625,52482.0,2014.9
264.0,264.0,hybas_4121474700,3.0,54.0,0.0,16.0,0.134458,115.492433,1.0,1.0,1668.13147650082,2229.8163538180465,2707.7351758285963,2814.4374865613686,27.127083,78.36875,52570.3,2006.5
265.0,265.0,hybas_4121475280,1.0,232.0,0.0,4.0,0.346006,82.847047,1.0,1.0,6861.442901912275,7652.517752402089,8311.718715633078,8460.000707336076,27.09375,84.00625,37107.0,1061.3
266.0,266.0,hybas_4121475570,4.0,54.0,0.0,16.0,0.137573,128.985977,1.0,1.0,1670.179953920219,2232.023806020783,2709.508467696959,2816.032103943104,27.064583,78.385417,52764.7,1983.6
267.0,267.0,hybas_4121475920,2.0,90.0,0.0,8.0,0.185816,104.748399,1.0,1.0,4993.721078976783,5776.078266359765,6146.657142081499,6201.8721604548655,27.047917,79.985417,82320.1,1683.0
268.0,268.0,hybas_4121476160,1.0,203.0,0.0,5.0,0.272886,82.847047,1.0,1.0,10224.46609738915,11877.97715502392,13374.164220991604,13726.481468945029,27.03125,81.50625,81872.9,1298.7
269.0,269.0,hybas_4121477620,7.0,41.0,0.0,13.0,0.147136,161.654386,1.0,1.0,1938.4093642893613,2665.4512017266256,3329.13970644785,3483.7834748928776,26.914583,78.73125,78736.4,1916.4
270.0,270.0,hybas_4121478400,6.0,41.0,0.0,13.0,0.149135,151.695177,1.0,1.0,1943.3605734576688,2670.763301256519,3332.733932818906,3486.6741996168407,26.864583,78.814583,78882.7,1902.9
271.0,271.0,hybas_4121478640,9.0,10.0,0.0,8.0,0.143503,189.190171,1.0,1.0,2705.6894032946475,4583.151866544224,7097.863061911768,7830.652678311949,26.847917,78.377083,135176.2,1941.4
272.0,272.0,hybas_4121478760,3.0,2.0,0.0,7.0,0.230017,121.570982,1.0,1.0,562.728234281525,755.6147330457561,927.7177599489784,967.3538277923292,26.839583,81.089583,9595.8,1469.6
273.0,273.0,hybas_4121478990,3.0,2.0,0.0,7.0,0.228025,121.570982,1.0,1.0,557.7059179931355,749.5213209576103,921.0019770614498,960.540541083948,26.822917,81.014583,9507.5,1478.3
274.0,274.0,hybas_4121479220,9.0,10.0,4.0,7.0,0.150078,189.190171,1.0,1.0,2722.4146901867985,4584.040978194579,7044.024136075142,7755.130069235855,26.797917,78.722917,135708.7,1896.6
275.0,275.0,hybas_4121479300,6.0,41.0,0.0,13.0,0.151344,151.695177,1.0,1.0,1947.3542752247545,2676.501625329492,3340.7994885677326,3495.393151835109,26.79375,78.910417,79008.3,1888.2
276.0,276.0,hybas_4121479310,1.0,195.0,0.0,5.0,0.289384,82.847047,1.0,1.0,10185.651882851542,11668.43329843581,12916.11641023926,13197.910581338409,26.79375,81.927083,85351.6,1240.0
277.0,277.0,hybas_4121479620,8.0,10.0,4.0,8.0,0.14668,179.955105,1.0,1.0,2713.787111016225,4590.564046615647,7097.854265503841,7827.374498316616,26.76875,78.54375,135434.6,1919.5
278.0,278.0,hybas_4121479670,1.0,189.0,0.0,5.0,0.300773,82.847047,1.0,1.0,9759.556402955568,11278.142704835782,12602.045332327574,12907.214688002585,26.764583,82.264583,87829.6,1201.4
279.0,279.0,hybas_4121480010,1.0,88.0,0.0,8.0,0.194427,82.847047,1.0,1.0,4996.002179436379,5811.311993697018,6211.766608676817,6273.124658670402,26.74375,80.13125,84690.6,1637.7
280.0,280.0,hybas_4121480050,5.0,41.0,1.0,13.0,0.15357,140.898234,1.0,1.0,1943.7454100694715,2667.3144747621195,3317.4290025752507,3467.362868432942,26.739583,78.997917,79157.1,1873.6
281.0,281.0,hybas_4121480550,8.0,10.0,19.0,7.0,0.154896,179.955105,1.0,1.0,2726.3273704608587,4584.895358527487,7037.009868898988,7745.222619626384,26.697917,78.947917,135952.4,1865.0
282.0,282.0,hybas_4121480880,1.0,188.0,0.0,5.0,0.312235,82.847047,1.0,1.0,9774.184857426824,11287.8925669589,12611.283191803028,12916.85077227734,26.672917,82.510417,88229.8,1164.0
283.0,283.0,hybas_4121481090,3.0,2.0,0.0,8.0,0.242513,121.570982,1.0,1.0,649.8336726470992,872.0140633687087,1071.6136696865635,1117.7940111831572,26.652083,81.414583,11045.7,1416.7
284.0,284.0,hybas_4121481420,8.0,41.0,0.0,13.0,0.156719,170.95735,1.0,1.0,1946.839548258,2673.162735904304,3327.6298624814485,3478.8437585580627,26.63125,79.072917,79274.5,1853.3
285.0,285.0,hybas_4121481690,1.0,188.0,0.0,5.0,0.31632,82.847047,1.0,1.0,9777.11551673843,11284.856438082146,12602.225964415808,12906.303953308305,26.614583,82.602083,88354.0,1151.0
286.0,286.0,hybas_4121482070,7.0,41.0,0.0,13.0,0.159773,161.654386,1.0,1.0,1950.902484265632,2678.506759985002,3334.01211021832,3485.449991749545,26.585417,79.189583,79404.3,1834.0
287.0,287.0,hybas_4121482210,1.0,1.0,0.0,4.0,0.332605,86.989399,1.0,1.0,387.82300975819845,518.6640943030644,636.8429639739937,664.2950672805435,26.572917,83.139583,5521.9,1100.8
288.0,288.0,hybas_4121482270,2.0,187.0,0.0,5.0,0.323874,104.748399,1.0,1.0,9738.125753275734,11224.801284970732,12529.101264373072,12830.90347768728,26.56875,82.785417,88907.9,1127.4
289.0,289.0,hybas_4121482400,13.0,10.0,4.0,7.0,0.159661,200.0,1.0,1.0,2737.4180525152574,4597.6402418812895,7044.996961715596,7750.650454087903,26.55625,79.077083,136080.7,1834.7
290.0,290.0,hybas_4121482700,1.0,187.0,0.0,5.0,0.327293,82.847047,1.0,1.0,9742.114505395924,11227.388906088529,12531.088503149414,12832.839078810572,26.535417,82.86875,89022.1,1116.9
291.0,291.0,hybas_4121483130,1.0,186.0,0.0,5.0,0.330153,82.847047,1.0,1.0,9732.907151946109,11217.741071241984,12522.115618280704,12824.164041383074,26.502083,82.939583,89156.0,1108.2
292.0,292.0,hybas_4121483240,2.0,86.0,0.0,8.0,0.202909,104.748399,1.0,1.0,5021.116203474738,5855.126827050618,6276.4178779503145,6342.405670295649,26.49375,80.364583,86817.1,1595.0
293.0,293.0,hybas_4121483250,3.0,2.0,0.0,7.0,0.260774,121.570982,1.0,1.0,815.6249360274664,1089.2957147001557,1328.9707315323078,1383.5348982709957,26.49375,81.78125,13892.3,1344.1
294.0,294.0,hybas_4121483560,0.0,1.0,0.0,3.0,0.337902,33.25464,1.0,1.0,398.2558031148847,531.757544381161,651.1849390733234,678.7588323807281,26.472917,83.18125,5690.5,1085.0
295.0,295.0,hybas_4121483670,1.0,186.0,0.0,5.0,0.333371,82.847047,1.0,1.0,9750.195737125396,11237.764874353254,12545.85305336568,12848.937729376608,26.464583,83.01875,89294.6,1098.5
296.0,296.0,hybas_4121483770,1.0,64.0,0.0,11.0,0.34611,86.989399,1.0,1.0,2400.8179772227627,3107.228872283174,3772.701830089149,3932.0890535704857,26.45625,83.477083,23575.7,1061.0
297.0,297.0,hybas_4121484030,2.0,85.0,0.0,8.0,0.204641,104.748399,1.0,1.0,5022.220485701011,5856.48984186407,6278.44796319317,6344.608104897995,26.435417,80.410417,86920.1,1586.5
298.0,298.0,hybas_4121484190,5.0,20.0,0.0,9.0,0.171461,140.898234,1.0,1.0,6045.219153708491,8887.64267298586,11663.50787693734,12333.379984256517,26.422917,79.48125,243986.6,1763.4
299.0,299.0,hybas_4121484400,2.0,85.0,0.0,8.0,0.205934,104.748399,1.0,1.0,5023.64012345364,5856.789796511263,6278.501647104852,6344.668767950142,26.40625,80.45625,87048.9,1580.2
300.0,300.0,hybas_4121484430,6.0,20.0,7.0,9.0,0.168453,151.695177,1.0,1.0,6027.058865983947,8862.02190950309,11632.183294248847,12300.922678566316,26.402083,79.322917,243690.8,1781.1
301.0,301.0,hybas_4121485120,1.0,85.0,0.0,8.0,0.20765,82.847047,1.0,1.0,5028.190018995168,5861.592035807957,6282.895144003755,6348.931870673524,26.360417,80.514583,87172.9,1571.9
302.0,302.0,hybas_4121485590,3.0,2.0,0.0,7.0,0.271715,121.570982,1.0,1.0,964.0165227508484,1280.0124288510729,1541.617091074988,1599.0113356966397,26.327083,82.052083,15949.4,1303.0
303.0,303.0,hybas_4121486220,3.0,2.0,0.0,7.0,0.275601,121.570982,1.0,1.0,973.8754145918352,1292.7756924470425,1556.5692982811995,1614.4140298589282,26.28125,82.072917,16137.4,1288.8
304.0,304.0,hybas_4121486660,4.0,2.0,0.0,7.0,0.278901,135.774713,1.0,1.0,978.5674895043852,1298.1094906030069,1562.1110510825133,1619.959970216735,26.247917,82.147917,16248.8,1276.9
305.0,305.0,hybas_4121487450,3.0,2.0,0.0,7.0,0.284905,121.570982,1.0,1.0,995.50842894682,1318.4504713588813,1583.8190889974182,1641.7686577861537,26.18125,82.297917,16461.2,1255.6
306.0,306.0,hybas_4121487880,3.0,2.0,0.0,7.0,0.286304,121.570982,1.0,1.0,999.0143763051478,1322.8157901667298,1589.104884544593,1647.289696478584,26.147917,82.33125,16532.3,1250.7
307.0,307.0,hybas_4121488730,2.0,83.0,0.0,9.0,0.217534,104.748399,1.0,1.0,5042.985336985923,5867.689630948609,6281.373214790073,6345.848444127085,26.077083,80.764583,89729.3,1525.4
308.0,308.0,hybas_4121488870,5.0,19.0,10.0,9.0,0.191839,140.898234,1.0,1.0,6383.376514969718,9303.056179094916,12073.289034951418,12729.831643563602,26.06875,80.072917,254432.2,1651.1
309.0,309.0,hybas_4121488880,2.0,81.0,0.0,9.0,0.225125,104.748399,1.0,1.0,5050.060324274462,5895.372304583056,6332.418931994622,6402.146671975401,26.06875,81.01875,91265.9,1491.1
310.0,310.0,hybas_4121489520,2.0,83.0,0.0,9.0,0.219896,104.748399,1.0,1.0,5047.569863253173,5873.24741881246,6288.102373468445,6352.845908766166,26.027083,80.81875,89869.3,1514.6
311.0,311.0,hybas_4121490110,3.0,81.0,0.0,9.0,0.228116,121.570982,1.0,1.0,5048.100322668883,5894.712350071999,6334.988148895977,6405.5540331403645,25.985417,81.102083,91431.3,1477.9
312.0,312.0,hybas_4121490320,2.0,81.0,0.0,9.0,0.229765,104.748399,1.0,1.0,5047.023116495681,5896.204554396474,6338.442568197072,6409.39308626361,25.964583,81.164583,91550.6,1470.7
313.0,313.0,hybas_4121490980,3.0,81.0,0.0,9.0,0.231865,121.570982,1.0,1.0,5053.629182456264,5906.090608709603,6351.663256760834,6423.350168007369,25.914583,81.214583,91705.0,1461.6
314.0,314.0,hybas_4121491050,7.0,10.0,12.0,5.0,0.1819,170.162512,1.0,1.0,2395.8341123330333,3580.445202774802,4981.643278563953,5363.351523929595,25.910417,79.652083,40213.7,1704.3
315.0,315.0,hybas_4121491280,6.0,10.0,7.0,5.0,0.178619,159.679133,1.0,1.0,2396.558073546644,3582.0928245135506,4983.316417601919,5364.848479415062,25.89375,79.53125,40085.4,1722.5
316.0,316.0,hybas_4121491410,4.0,10.0,3.0,4.0,0.19157,135.774713,1.0,1.0,2610.026071673264,3921.098547246859,5493.94591827145,5925.988502300576,25.885417,79.989583,43813.0,1652.5
317.0,317.0,hybas_4121491890,8.0,10.0,7.0,5.0,0.175222,179.955105,1.0,1.0,2394.3187893778427,3579.0208737252874,4978.096518473625,5358.8466263122655,25.85625,79.50625,39823.8,1741.7
318.0,318.0,hybas_4121492210,4.0,81.0,0.0,9.0,0.235016,135.774713,1.0,1.0,5043.148467903877,5860.100778844996,6265.129752280732,6327.685313075097,25.835417,81.285417,91860.3,1448.1
319.0,319.0,hybas_4121492310,4.0,10.0,31.0,5.0,0.176488,135.774713,1.0,1.0,2394.857013814554,3578.147132557931,4975.723776739382,5356.1072060280985,25.827083,79.55625,39963.0,1734.5
320.0,320.0,hybas_4121492480,8.0,10.0,21.0,5.0,0.16879,179.955105,1.0,1.0,1875.7488996909017,2841.304602190365,4024.8159246585415,4354.03694280292,25.814583,79.28125,28447.5,1779.1
321.0,321.0,hybas_4121492950,5.0,81.0,0.0,9.0,0.238234,148.313931,1.0,1.0,5047.012349822455,5864.299291664806,6269.723746401721,6332.3703149725525,25.772917,81.385417,91957.9,1434.5
322.0,322.0,hybas_4121493110,4.0,10.0,13.0,5.0,0.16354,135.774713,1.0,1.0,1877.6192558026453,2841.66723211667,4034.2409247153178,4367.863678827817,25.760417,79.05625,27765.7,1810.7
323.0,323.0,hybas_4121493390,2.0,2.0,0.0,7.0,0.309221,104.748399,1.0,1.0,1076.2834838887384,1410.296354020321,1673.3451929284172,1729.2358669288396,25.739583,82.70625,18031.9,1173.7
324.0,324.0,hybas_4121493570,4.0,17.0,3.0,8.0,0.212354,128.985977,1.0,1.0,10794.83650531204,14807.25786193403,18408.698303487785,19238.776161715028,25.722917,80.585417,334285.4,1549.5
325.0,325.0,hybas_4121493670,5.0,17.0,0.0,8.0,0.218166,140.898234,1.0,1.0,10894.167454774217,14934.345252901678,18543.4919301435,19372.780493745155,25.714583,80.81875,335987.1,1522.5
326.0,326.0,hybas_4121494030,1.0,2.0,0.0,7.0,0.31286,82.847047,1.0,1.0,1085.6419492812536,1422.1808316565157,1686.8968633425936,1743.0969816969898,25.69375,82.752083,18194.5,1162.0
327.0,327.0,hybas_4121494150,3.0,17.0,1.0,8.0,0.219764,115.492433,1.0,1.0,10903.197460112076,14945.76336801846,18558.637766061056,19389.036644168325,25.685417,80.85625,336118.3,1515.2
328.0,328.0,hybas_4121494160,5.0,81.0,0.0,9.0,0.241762,148.313931,1.0,1.0,5045.172118709833,5863.234561948489,6269.8026978264015,6332.717909697271,25.685417,81.410417,92096.6,1419.8
329.0,329.0,hybas_4121494260,4.0,10.0,16.0,5.0,0.161573,135.774713,1.0,1.0,1870.0066237287128,2830.001190641844,4018.488035440218,4351.126241490499,25.677083,79.010417,27562.8,1822.8
330.0,330.0,hybas_4121494550,5.0,16.0,4.0,3.0,0.199149,148.313931,1.0,1.0,1878.167778012211,2894.332316912872,4039.96485708066,4341.902852117735,25.65625,80.31875,25797.5,1613.7
331.0,331.0,hybas_4121494750,4.0,10.0,19.0,5.0,0.160654,135.774713,1.0,1.0,1855.914231823372,2810.828898822634,3994.6495126447458,4326.2428911853,25.64375,78.972917,27486.0,1828.5
332.0,332.0,hybas_4121495020,1.0,2.0,0.0,7.0,0.322517,82.847047,1.0,1.0,1414.119975840742,1894.574311440767,2286.316356021367,2371.227761269673,25.622917,82.94375,30104.4,1131.6
333.0,333.0,hybas_4121495070,4.0,80.0,0.0,9.0,0.244828,135.774713,1.0,1.0,5048.399092023002,5865.471034676029,6271.602835558313,6334.462873043135,25.61875,81.477083,92250.3,1407.2
334.0,334.0,hybas_4121495720,10.0,10.0,16.0,5.0,0.158722,197.965225,1.0,1.0,1844.6353725161207,2800.2032023544666,3992.591744212906,4327.866004561798,25.56875,78.91875,27279.0,1840.6
335.0,335.0,hybas_4121495900,4.0,80.0,0.0,9.0,0.250674,135.774713,1.0,1.0,5054.063701541776,5881.490995581838,6300.485270873029,6366.287415645482,25.55625,81.647917,92852.7,1383.6
336.0,336.0,hybas_4121496060,7.0,10.0,12.0,5.0,0.157694,170.162512,1.0,1.0,1844.079002176078,2801.8064025924814,3997.188640330434,4333.338714553697,25.54375,78.872917,27158.7,1847.1
337.0,337.0,hybas_4121496240,2.0,27.0,0.0,8.0,0.338815,99.510979,1.0,1.0,19962.64953637538,24581.13938194054,27894.250793094787,28561.78739326193,25.527083,83.239583,496835.9,1082.3
338.0,338.0,hybas_4121496640,3.0,80.0,0.0,9.0,0.257097,121.570982,1.0,1.0,5063.441242100271,5899.418385893259,6330.29168388858,6398.90475614691,25.49375,81.83125,93294.2,1358.3
339.0,339.0,hybas_4121496710,2.0,27.0,0.0,8.0,0.344556,99.510979,1.0,1.0,19995.84210804292,24604.735060706367,27906.73318301888,28571.52634741497,25.489583,83.377083,496997.6,1065.5
340.0,340.0,hybas_4121497870,8.0,16.0,11.0,3.0,0.190825,179.955105,1.0,1.0,1860.750057562543,2874.007114091092,4021.0638917343554,4324.100720071377,25.39375,80.310417,25311.5,1656.4
341.0,341.0,hybas_4121497880,3.0,29.0,0.0,8.0,0.329955,115.492433,1.0,1.0,18291.95848327419,22913.550506924134,26311.761653607136,27006.02553199375,25.39375,83.18125,465574.5,1108.8
342.0,342.0,hybas_4121498710,4.0,30.0,0.0,8.0,0.264451,128.985977,1.0,1.0,16809.26271723959,21368.012060438246,24646.26049191577,25303.488618540858,25.335417,81.935417,440520.0,1330.1
343.0,343.0,hybas_4121499030,3.0,29.0,0.0,8.0,0.274199,115.492433,1.0,1.0,17724.992990691968,22367.655156521683,25721.181402330432,26396.71567489316,25.310417,82.197917,458469.6,1293.9
344.0,344.0,hybas_4121499540,3.0,29.0,0.0,8.0,0.285275,115.492433,1.0,1.0,17787.139810988418,22425.13531472982,25781.972228719853,26459.267713702742,25.272917,82.297917,458978.0,1254.3
345.0,345.0,hybas_4121499630,10.0,17.0,1.0,8.0,0.245957,188.066964,1.0,1.0,11322.32319488582,15442.251365368924,19083.019400785182,19914.184237646,25.264583,81.44375,343935.1,1402.6
346.0,346.0,hybas_4121499790,3.0,29.0,0.0,8.0,0.29037,115.492433,1.0,1.0,17814.288649863694,22451.62492877351,25810.294376932183,26488.34065740877,25.25625,82.389583,459129.8,1236.6
347.0,347.0,hybas_4121500210,2.0,29.0,0.0,8.0,0.302341,99.510979,1.0,1.0,17907.790842258142,22539.23581442105,25902.247663516035,26582.599442421604,25.227083,82.614583,460197.6,1196.2
348.0,348.0,hybas_4121500510,2.0,29.0,0.0,8.0,0.315783,99.510979,1.0,1.0,18022.204222841952,22653.499347279656,26029.38772490783,26714.39879539883,25.20625,82.927083,461727.4,1152.7
349.0,349.0,hybas_4121500920,11.0,16.0,7.0,3.0,0.184354,200.0,1.0,1.0,1811.3669502851344,2770.371283198117,3846.166833204372,4129.026489682457,25.172917,80.427083,23833.2,1690.9
350.0,350.0,hybas_4121501160,10.0,11.0,0.0,5.0,0.147342,197.965225,1.0,1.0,1794.3921185303675,2677.4177644788374,3742.608355355145,4036.322287403112,25.15625,78.497917,20704.2,1915.0
351.0,351.0,hybas_4121501170,6.0,13.0,0.0,3.0,0.262396,159.679133,1.0,1.0,1121.1927856760387,1826.759739595362,2733.5339306062165,2991.8557741355103,25.15625,81.977083,17044.8,1337.9
352.0,352.0,hybas_4121501270,4.0,13.0,2.0,3.0,0.257355,135.774713,1.0,1.0,1114.375809583144,1813.3163857496224,2709.607693138086,2964.619841304327,25.147917,81.84375,16880.2,1357.3
353.0,353.0,hybas_4121501720,7.0,11.0,0.0,5.0,0.14608,170.162512,1.0,1.0,1786.312726975274,2664.777145009528,3726.927119239996,4020.220142574002,25.11875,78.43125,20543.8,1923.6
354.0,354.0,hybas_4121502340,11.0,16.0,7.0,3.0,0.181047,200.0,1.0,1.0,1809.2635619776584,2769.88402721944,3856.366011961994,4143.5106249723785,25.072917,80.314583,23717.9,1709.0
355.0,355.0,hybas_4121506200,15.0,11.0,2.0,5.0,0.137642,200.0,1.0,1.0,1618.7150951726887,2385.1540924253927,3353.257992030257,3627.82261952374,24.760417,78.23125,16816.9,1983.1
356.0,356.0,hybas_4121507140,9.0,10.0,4.0,5.0,0.136204,189.190171,1.0,1.0,1648.0519016878295,2423.6744268742423,3396.639751532446,3671.4800226445777,24.689583,78.260417,16673.0,1993.6
357.0,357.0,hybas_4121508120,14.0,10.0,11.0,5.0,0.135146,200.0,1.0,1.0,1641.0137106823845,2408.7520960179045,3372.069269842513,3644.241454816184,24.63125,78.26875,16568.0,2001.4
358.0,358.0,hybas_4121508300,40.0,28.0,3.0,2.0,0.308294,200.0,1.0,1.0,1928.0690029317973,2853.057177243031,3974.60687608396,4284.974074164319,24.61875,82.872917,31647.9,1176.7
359.0,359.0,hybas_4121508470,47.0,28.0,12.0,2.0,0.305013,200.0,1.0,1.0,1923.0292240685744,2839.8743942907854,3946.179913817032,4251.469043299607,24.60625,82.78125,31515.3,1187.4
360.0,360.0,hybas_4121509640,52.0,31.0,8.0,3.0,0.329757,200.0,1.0,1.0,2661.489959853652,3705.8440805413807,4917.447485267018,5244.925635488528,24.50625,83.385417,53147.6,1109.4
361.0,361.0,hybas_4121510140,44.0,31.0,10.0,3.0,0.323648,200.0,1.0,1.0,2655.0966538419107,3694.2106624943385,4895.838715401111,5220.0127175483785,24.46875,83.222917,53018.9,1128.1
362.0,362.0,hybas_4121510820,24.0,35.0,0.0,4.0,0.308819,200.0,1.0,1.0,807.0799689664967,1177.4793786838957,1652.2573347091125,1788.1030128987034,24.410417,82.98125,13318.2,1175.0
363.0,363.0,hybas_4121511890,26.0,35.0,2.0,4.0,0.30541,200.0,1.0,1.0,807.9754487262667,1178.1165517926368,1647.8611238345543,1781.4921799559852,24.322917,82.985417,13171.6,1186.1
364.0,364.0,hybas_4121512540,32.0,35.0,4.0,4.0,0.302916,200.0,1.0,1.0,801.2292502245245,1164.5477143052362,1625.5158657097504,1756.6394633573905,24.277083,83.014583,13053.0,1194.3
365.0,365.0,hybas_4121512910,36.0,35.0,5.0,4.0,0.301888,200.0,1.0,1.0,796.8685838993129,1158.592869076215,1616.1654715029315,1746.0957357822963,24.247917,83.010417,12890.6,1197.7
366.0,366.0,hybas_4121513710,25.0,35.0,3.0,4.0,0.299303,200.0,1.0,1.0,724.9186212638958,1042.0877057938303,1446.0540486632972,1561.2376736761205,24.18125,82.989583,12779.0,1206.3
,,hybas_4120854010,1.0,151.0,0.0,6.0,0.1786190416573999,159.67913341208074,1.0,1.0,3823.520345922916,4283.002733775462,4478.613205857735,4505.567941954785,27.23541666666545,79.69374999999582,40044.9,1724.3
,,hybas_4120855950,3.0,121.0,0.0,6.0,0.2308239454376432,121.5709816769843,1.0,1.0,3580.422039665993,4050.6189445613386,4226.371767619545,4247.932829935605,27.17708333333212,79.84374999999585,50019.0,1706.3
,,hybas_4120878420,11.0,8.0,11.0,3.0,0.1635396189928517,135.7747130034474,1.0,1.0,863.8349655477156,1428.634916412851,2069.549135861593,2237.6425706569576,26.439583333332,79.21458333332924,27779.4,1796.1
,,hybas_4120878430,10.0,21.0,0.0,10.0,0.1684527472952799,151.6951767414767,1.0,1.0,5037.055175259113,7622.719469975811,10292.449381134144,10958.281325540216,26.439583333332,79.21874999999591,215766.1,1795.9
,,hybas_4120881440,5.0,20.0,20.0,9.0,0.1714609045793138,140.8982340303593,1.0,1.0,6052.707981465878,8898.419783985995,11677.01037769866,12347.464233982237,26.352083333332075,79.51458333332926,244112.6,1754.1
,,hybas_4120888130,8.0,20.0,5.0,9.0,0.1856485330661528,170.95734986663663,1.0,1.0,6159.100384818412,9037.352013578324,11830.498996139731,12501.88910288456,26.15624999999864,79.93958333332915,247678.0,1674.7
,,hybas_4120888940,1.0,147.0,0.0,6.0,0.372395059617674,82.84704711253804,1.0,1.0,11113.212054806996,12747.623489787398,14198.298218058908,14536.30203676188,26.131249999998715,83.8937499999958,123551.3,978.6
,,hybas_4120889880,2.0,146.0,0.0,6.0,0.372395059617674,82.84704711253804,1.0,1.0,11091.16054477024,12724.842554650466,14161.262330469764,14494.130928621336,26.10208333333213,84.03541666666257,123800.1,962.6
,,hybas_4121445720,2.0,222.0,0.0,4.0,0.157693815917828,170.16251190837278,1.0,1.0,3683.6156689921136,4175.0672297428855,4635.528277491504,4746.120800483589,29.339583333331973,78.07291666666254,27164.7,2096.4
,,hybas_4121472500,2.0,60.0,0.0,16.0,0.3206195696386706,200.0,1.0,1.0,1626.6052034995075,2144.871527276658,2555.257137474648,2642.6792703213905,27.29374999999873,77.88124999999587,47264.1,2118.2
,,hybas_4121486100,4.0,20.0,5.0,9.0,0.1800357206004149,151.6951767414767,1.0,1.0,6067.605529394227,8918.077803771901,11698.537297785142,12369.01832966177,26.28958333333196,79.53541666666257,244440.2,1738.0
